,Year,Month,Area,Mean_temp,Mean_chla
0,2002,7,SP,20.193,1.32
1,2002,8,SP,20.946,1.76
2,2002,9,SP,21.097,1.293
3,2002,10,SP,24.209,0.848
4,2002,11,SP,25.099,1.245
5,2002,12,SP,25.888,0.963
6,2003,1,SP,27.478,1.026
7,2003,2,SP,29.423,1.645
8,2003,3,SP,27.701,1.056
9,2003,4,SP,26.116,1.641
10,2003,5,SP,23.939,1.581
11,2003,6,SP,22.622,1.507
12,2003,7,SP,21.547,1.854
13,2003,8,SP,20.833,1.591
14,2003,9,SP,21.325,1.364
15,2003,10,SP,22.84,1.259
16,2003,11,SP,24.325,0.971
17,2003,12,SP,25.646,0.504
18,2004,1,SP,26.181,0.905
19,2004,2,SP,26.402,1.606
20,2004,3,SP,26.369,1.039
21,2004,4,SP,26.127,1.427
22,2004,5,SP,23.245,1.769
23,2004,6,SP,21.651,1.861
24,2004,7,SP,21.361,1.695
25,2004,8,SP,21.367,1.595
26,2004,9,SP,22.205,1.251
27,2004,10,SP,22.712,0.752
28,2004,11,SP,23.307,1.154
29,2004,12,SP,25.191,2.011
30,2005,1,SP,25.815,1.385
31,2005,2,SP,26.26,1.244
32,2005,3,SP,27.371,0.853
33,2005,4,SP,27.229,1.364
34,2005,5,SP,24.981,1.635
35,2005,6,SP,23.891,1.541
36,2005,7,SP,22.354,1.484
37,2005,8,SP,22.151,1.399
38,2005,9,SP,20.216,1.603
39,2005,10,SP,22.015,0.694
40,2005,11,SP,23.432,1.469
41,2005,12,SP,24.828,0.78
42,2006,1,SP,26.581,0.834
43,2006,2,SP,27.987,1.62
44,2006,3,SP,27.666,1.343
45,2006,4,SP,25.943,2.341
46,2006,5,SP,23.421,1.992
47,2006,6,SP,22.228,1.908
48,2006,7,SP,22.082,1.512
49,2006,8,SP,22.152,1.508
50,2006,9,SP,21.522,1.455
51,2006,10,SP,22.59,1.039
52,2006,11,SP,23.965,0.89
53,2006,12,SP,24.901,0.616
54,2007,1,SP,25.285,0.887
55,2007,2,SP,28.012,1.21
56,2007,3,SP,28.518,1.004
57,2007,4,SP,26.604,1.08
58,2007,5,SP,23.682,1.75
59,2007,6,SP,21.486,1.646
60,2007,7,SP,19.129,2.243
61,2007,8,SP,19.017,3.675
62,2007,9,SP,21.459,1.238
63,2007,10,SP,22.666,1.088
64,2007,11,SP,23.808,0.735
65,2007,12,SP,26.413,0.704
66,2008,1,SP,26.338,0.804
67,2008,2,SP,26.415,1.602
68,2008,3,SP,25.889,1.451
69,2008,4,SP,24.124,1.74
70,2008,5,SP,23.147,2.406
71,2008,6,SP,21.812,2.207
72,2008,7,SP,21.386,1.288
73,2008,8,SP,21.655,1.798
74,2008,9,SP,21.44,0.998
75,2008,10,SP,21.891,1.107
76,2008,11,SP,22.579,1.372
77,2008,12,SP,24.023,1.088
78,2009,1,SP,25.764,1.085
79,2009,2,SP,27.802,1.656
80,2009,3,SP,27.764,1.967
81,2009,4,SP,26.153,1.655
82,2009,5,SP,24.381,1.619
83,2009,6,SP,21.869,1.38
84,2009,7,SP,20.663,2.139
85,2009,8,SP,21.272,2.559
86,2009,9,SP,21.573,1.804
87,2009,10,SP,22.457,1.636
88,2009,11,SP,26.786,1.688
89,2009,12,SP,26.403,0.75
90,2010,1,SP,28.689,1.567
91,2010,2,SP,29.363,1.7
92,2010,3,SP,27.469,1.5
93,2010,4,SP,25.603,2.512
94,2010,5,SP,23.577,1.78
95,2010,6,SP,21.852,1.968
96,2010,7,SP,21.679,1.635
97,2010,8,SP,20.274,2.467
98,2010,9,SP,21.001,0.96
99,2010,10,SP,22.025,0.929
100,2010,11,SP,23.899,0.666
101,2010,12,SP,26.017,1.156
102,2011,1,SP,28.39,1.133
103,2011,2,SP,28.794,1.289
104,2011,3,SP,25.615,1.43
105,2011,4,SP,25.922,1.904
106,2011,5,SP,23.116,1.468
107,2011,6,SP,21.398,1.659
108,2011,7,SP,20.257,1.66
109,2011,8,SP,20.535,1.999
110,2011,9,SP,20.742,1.487
111,2011,10,SP,22.604,1.56
112,2011,11,SP,22.564,0.991
113,2011,12,SP,24.866,0.824
114,2012,1,SP,26.086,0.927
115,2012,2,SP,27.185,1.224
116,2012,3,SP,25.49,1.214
117,2012,4,SP,25.169,1.11
118,2012,5,SP,23.783,1.783
119,2012,6,SP,22.193,2.823
120,2012,7,SP,21.096,2.785
121,2012,8,SP,21.283,1.6
122,2012,9,SP,21.702,1.296
123,2012,10,SP,23.656,1.017
124,2012,11,SP,23.831,0.976
125,2012,12,SP,26.621,0.608
126,2013,1,SP,26.402,0.89
127,2013,2,SP,27.936,0.965
128,2013,3,SP,26.803,1.074
129,2013,4,SP,24.84,1.341
130,2013,5,SP,24.046,1.314
131,2013,6,SP,22.467,1.457
132,2013,7,SP,20.594,2.674
133,2013,8,SP,19.377,2.082
134,2013,9,SP,21.005,1.633
135,2013,10,SP,22.31,1.039
136,2013,11,SP,22.811,1.418
137,2013,12,SP,26.233,1.218
138,2014,1,SP,29.175,1.403
139,2014,2,SP,27.945,2.21
140,2014,3,SP,27.066,1.829
141,2014,4,SP,25.954,1.874
142,2014,5,SP,23.745,1.754
143,2014,6,SP,22.166,2.517
144,2014,7,SP,21.575,1.885
145,2014,8,SP,21.469,1.64
146,2014,9,SP,22.146,1.211
147,2014,10,SP,23.336,0.912
148,2014,11,SP,24.501,0.668
149,2014,12,SP,25.75,0.8
150,2015,1,SP,29.235,0.848
151,2015,2,SP,28.57,1.317
152,2015,3,SP,27.421,1.808
153,2015,4,SP,25.429,1.502
154,2015,5,SP,23.735,1.66
155,2015,6,SP,22.957,1.971
156,2015,7,SP,21.626,1.764
157,2015,8,SP,21.934,1.284
158,2015,9,SP,22.693,1.506
159,2015,10,SP,23.177,1.003
160,2015,11,SP,24.976,0.794
161,2015,12,SP,26.581,1.166
162,2016,1,SP,26.042,1.969
163,2016,2,SP,28.56,1.515
164,2016,3,SP,27.771,1.615
165,2016,4,SP,27.811,1.455
166,2016,5,SP,22.865,1.408
167,2016,6,SP,18.617,3.048
168,2016,7,SP,19.941,4.043
169,2016,8,SP,20.462,3.217
170,2016,9,SP,21.662,1.694
171,2016,10,SP,23.343,1.447
172,2016,11,SP,24.215,1.123
173,2016,12,SP,25.869,0.905
174,2017,1,SP,28.698,1.125
175,2017,2,SP,28.25,1.653
176,2017,3,SP,26.199,1.596
177,2017,4,SP,25.17,1.41
178,2017,5,SP,23.013,1.593
179,2017,6,SP,22.153,2.002
180,2017,7,SP,21.623,1.591
181,2017,8,SP,21.119,2.028
182,2017,9,SP,22.614,1.246
183,2017,10,SP,23.507,1.16
184,2017,11,SP,23.648,1.145
185,2017,12,SP,25.246,0.621
186,2018,1,SP,27.955,1.222
187,2018,2,SP,27.922,1.301
188,2018,3,SP,27.926,1.577
189,2018,4,SP,26.412,1.458
190,2018,5,SP,24.298,1.417
191,2018,6,SP,22.207,1.489
192,2018,7,SP,20.841,1.681
193,2018,8,SP,19.93,1.577
194,2018,9,SP,22.497,1.077
195,2018,10,SP,22.815,0.886
196,2018,11,SP,23.459,1.051
197,2018,12,SP,26.935,1.005
198,2019,1,SP,29.976,1.251
199,2019,2,SP,29.365,1.861
200,2019,3,SP,28.399,2.107
201,2019,4,SP,26.598,1.964
202,2019,5,SP,25.473,1.886
203,2019,6,SP,23.847,4.208
204,2019,7,SP,22.181,2.325
205,2019,8,SP,21.241,1.793
206,2019,9,SP,21.674,1.838
207,2019,10,SP,24.392,1.248
208,2019,11,SP,23.426,0.938
209,2019,12,SP,25.233,0.854
210,2020,1,SP,26.808,0.771
211,2020,2,SP,26.675,0.95
212,2020,3,SP,26.498,1.456
213,2020,4,SP,25.184,1.141
214,2020,5,SP,23.861,1.399
215,2020,6,SP,22.971,1.458
216,2020,7,SP,22.229,1.82
217,2020,8,SP,22.078,1.404
218,2020,9,SP,22.933,1.148
219,2020,10,SP,23.983,0.987
220,2020,11,SP,25.294,0.797
221,2020,12,SP,26.928,0.663
222,2021,1,SP,27.805,1.067
223,2021,2,SP,28.649,1.285
224,2021,3,SP,27.926,2.015
225,2021,4,SP,25.867,1.349
226,2021,5,SP,23.882,1.587
227,2021,6,SP,22.266,1.49
228,2021,7,SP,20.843,1.621
229,2021,8,SP,21.029,1.612
230,2021,9,SP,21.901,0.703
231,2021,10,SP,21.467,1.275
232,2021,11,SP,22.818,1.256
233,2021,12,SP,25.245,0.869
234,2022,1,SP,27.586,1.075
235,2022,2,SP,27.444,0.981
236,2022,3,SP,27.71,1.487
237,2022,4,SP,25.39,2.331
238,2022,5,SP,23.569,1.82
239,2022,6,SP,21.001,2.364
240,2022,7,SP,21.117,1.429
241,2022,8,SP,20.729,2.201
242,2022,9,SP,21.028,1.188
243,2022,10,SP,22.88,1.206
244,2022,11,SP,24.271,1.132
245,2022,12,SP,25.189,1.053
246,2023,1,SP,27.024,0.814
247,2023,2,SP,27.529,1.289
248,2023,3,SP,27.553,1.445
249,2023,4,SP,25.455,1.67
250,2023,5,SP,24.402,1.463
251,2023,6,SP,23.223,1.759
252,2023,7,SP,22.287,1.422
253,2023,8,SP,22.673,1.506
254,2023,9,SP,23.888,1.128
255,2002,7,PR,18.818,1.988
256,2002,8,PR,19.847,2.456
257,2002,9,PR,20.445,1.926
258,2002,10,PR,23.478,3.845
259,2002,11,PR,24.531,1.347
260,2002,12,PR,26.14,1.468
261,2003,1,PR,28.104,1.145
262,2003,2,PR,29.305,3.33
263,2003,3,PR,27.368,2.188
264,2003,4,PR,25.29,2.041
265,2003,5,PR,22.641,2.095
266,2003,6,PR,21.285,2.224
267,2003,7,PR,20.056,2.545
268,2003,8,PR,19.891,2.061
269,2003,9,PR,20.561,1.894
270,2003,10,PR,22.424,1.34
271,2003,11,PR,23.877,1.553
272,2003,12,PR,25.271,0.95
273,2004,1,PR,26.741,2.25
274,2004,2,PR,27.057,2.343
275,2004,3,PR,26.442,2.649
276,2004,4,PR,25.398,3.109
277,2004,5,PR,22.284,2.494
278,2004,6,PR,20.328,2.377
279,2004,7,PR,19.158,2.268
280,2004,8,PR,20.198,2.187
281,2004,9,PR,21.326,1.731
282,2004,10,PR,21.49,1.765
283,2004,11,PR,23.658,1.137
284,2004,12,PR,25.166,2.002
285,2005,1,PR,26.893,1.213
286,2005,2,PR,27.053,2.177
287,2005,3,PR,27.354,1.921
288,2005,4,PR,26.221,2.5
289,2005,5,PR,23.864,1.907
290,2005,6,PR,23.265,2.318
291,2005,7,PR,20.866,1.989
292,2005,8,PR,20.71,2.669
293,2005,9,PR,19.202,2.599
294,2005,10,PR,20.628,0.704
295,2005,11,PR,23.823,2.142
296,2005,12,PR,24.851,1.31
297,2006,1,PR,28.11,1.809
298,2006,2,PR,27.727,2.802
299,2006,3,PR,27.701,2.207
300,2006,4,PR,25.531,2.385
301,2006,5,PR,22.509,1.888
302,2006,6,PR,21.345,2.192
303,2006,7,PR,21.216,1.971
304,2006,8,PR,20.598,1.913
305,2006,9,PR,20.539,1.714
306,2006,10,PR,22.131,1.411
307,2006,11,PR,23.819,1.599
308,2006,12,PR,26.089,1.59
309,2007,1,PR,26.509,2.032
310,2007,2,PR,27.988,2.062
311,2007,3,PR,28.829,2.426
312,2007,4,PR,26.004,1.643
313,2007,5,PR,22.821,2.624
314,2007,6,PR,20.015,2.978
315,2007,7,PR,17.636,4.402
316,2007,8,PR,17.459,3.22
317,2007,9,PR,20.958,1.837
318,2007,10,PR,23.127,1.81
319,2007,11,PR,24.343,1.962
320,2007,12,PR,26.714,1.982
321,2008,1,PR,26.922,1.731
322,2008,2,PR,27.618,3.637
323,2008,3,PR,26.878,3.332
324,2008,4,PR,23.216,2.643
325,2008,5,PR,22.279,3.098
326,2008,6,PR,20.489,2.142
327,2008,7,PR,20.342,1.844
328,2008,8,PR,20.598,2.545
329,2008,9,PR,20.403,1.487
330,2008,10,PR,21.711,0.963
331,2008,11,PR,23.826,2.365
332,2008,12,PR,25.185,2.266
333,2009,1,PR,26.093,2.137
334,2009,2,PR,27.762,2.8
335,2009,3,PR,27.901,3.98
336,2009,4,PR,25.781,2.479
337,2009,5,PR,23.581,1.827
338,2009,6,PR,20.58,1.693
339,2009,7,PR,19.432,2.205
340,2009,8,PR,19.977,3.273
341,2009,9,PR,20.506,3.992
342,2009,10,PR,22.089,2.374
343,2009,11,PR,25.088,1.112
344,2009,12,PR,26.98,0.968
345,2010,1,PR,27.692,1.616
346,2010,2,PR,29.317,2.275
347,2010,3,PR,26.55,3.515
348,2010,4,PR,24.999,3.396
349,2010,5,PR,22.366,3.234
350,2010,6,PR,20.649,3.175
351,2010,7,PR,20.319,2.281
352,2010,8,PR,18.574,2.547
353,2010,9,PR,19.941,1.225
354,2010,10,PR,21.625,1.343
355,2010,11,PR,23.608,1.516
356,2010,12,PR,25.218,1.562
357,2011,1,PR,28.135,1.703
358,2011,2,PR,28.544,3.461
359,2011,3,PR,25.809,3.093
360,2011,4,PR,24.513,2.108
361,2011,5,PR,22.431,1.752
362,2011,6,PR,20.372,1.839
363,2011,7,PR,18.856,2.943
364,2011,8,PR,19.192,4.063
365,2011,9,PR,20.405,3.558
366,2011,10,PR,22.625,1.838
367,2011,11,PR,23.174,1.621
368,2011,12,PR,25.537,1.227
369,2012,1,PR,26.643,1.942
370,2012,2,PR,28.061,1.556
371,2012,3,PR,26.105,1.777
372,2012,4,PR,24.599,1.66
373,2012,5,PR,23.001,2.971
374,2012,6,PR,20.992,4.303
375,2012,7,PR,20.038,2.795
376,2012,8,PR,20.407,2.689
377,2012,9,PR,21.289,1.629
378,2012,10,PR,22.906,1.556
379,2012,11,PR,24.884,1.426
380,2012,12,PR,27.193,1.847
381,2013,1,PR,26.482,1.414
382,2013,2,PR,27.652,2.195
383,2013,3,PR,26.066,3.039
384,2013,4,PR,25.009,2.374
385,2013,5,PR,23.554,2.282
386,2013,6,PR,20.582,2.286
387,2013,7,PR,18.447,3.862
388,2013,8,PR,18.068,2.585
389,2013,9,PR,20.124,2.526
390,2013,10,PR,22.043,1.527
391,2013,11,PR,23.692,1.543
392,2013,12,PR,26.584,1.862
393,2014,1,PR,28.894,1.708
394,2014,2,PR,28.935,1.93
395,2014,3,PR,26.983,2.649
396,2014,4,PR,25.255,2.653
397,2014,5,PR,23.151,2.038
398,2014,6,PR,21.174,3.792
399,2014,7,PR,20.27,1.984
400,2014,8,PR,20.809,1.711
401,2014,9,PR,21.579,1.502
402,2014,10,PR,23.215,2.088
403,2014,11,PR,24.903,1.013
404,2014,12,PR,26.365,0.743
405,2015,1,PR,28.305,1.748
406,2015,2,PR,29.023,2.988
407,2015,3,PR,27.471,3.235
408,2015,4,PR,25.344,2.039
409,2015,5,PR,23.258,2.472
410,2015,6,PR,21.968,4.291
411,2015,7,PR,20.209,2.767
412,2015,8,PR,21.775,1.904
413,2015,9,PR,22.263,1.435
414,2015,10,PR,21.069,1.922
415,2015,11,PR,24.738,2.063
416,2015,12,PR,25.729,1.008
417,2016,1,PR,27.252,3.052
418,2016,2,PR,28.389,2.061
419,2016,3,PR,27.278,2.587
420,2016,4,PR,27.526,2.413
421,2016,5,PR,20.572,2.516
422,2016,6,PR,17.431,6.262
423,2016,7,PR,18.425,7.038
424,2016,8,PR,19.298,4.195
425,2016,9,PR,21.084,2.793
426,2016,10,PR,22.004,2.779
427,2016,11,PR,23.867,1.938
428,2016,12,PR,25.584,2.209
429,2017,1,PR,28.239,0.866
430,2017,2,PR,29.214,2.961
431,2017,3,PR,26.197,1.403
432,2017,4,PR,25.071,1.955
433,2017,5,PR,23.44,2.278
434,2017,6,PR,21.561,3.745
435,2017,7,PR,20.807,2.409
436,2017,8,PR,20.967,2.354
437,2017,9,PR,22.902,1.845
438,2017,10,PR,23.532,2.677
439,2017,11,PR,24.315,1.055
440,2017,12,PR,26.187,0.939
441,2018,1,PR,27.345,2.415
442,2018,2,PR,28.077,1.906
443,2018,3,PR,27.103,1.87
444,2018,4,PR,26.648,3.03
445,2018,5,PR,24.744,2.829
446,2018,6,PR,20.668,2.065
447,2018,7,PR,18.685,2.97
448,2018,8,PR,19.008,2.046
449,2018,9,PR,22.278,1.829
450,2018,10,PR,22.604,1.615
451,2018,11,PR,24.374,0.827
452,2018,12,PR,27.563,1.284
453,2019,1,PR,29.515,1.529
454,2019,2,PR,28.971,2.715
455,2019,3,PR,27.338,2.737
456,2019,4,PR,25.726,2.494
457,2019,5,PR,23.995,2.478
458,2019,6,PR,22.902,5.168
459,2019,7,PR,20.586,2.665
460,2019,8,PR,19.702,1.91
461,2019,9,PR,20.348,1.871
462,2019,10,PR,23.417,2.083
463,2019,11,PR,24.471,1.882
464,2019,12,PR,25.87,1.266
465,2020,1,PR,27.169,1.101
466,2020,2,PR,27.461,1.584
467,2020,3,PR,27.314,2.27
468,2020,4,PR,25.093,1.875
469,2020,5,PR,23.331,1.957
470,2020,6,PR,21.536,2.956
471,2020,7,PR,20.5,1.745
472,2020,8,PR,20.29,3.033
473,2020,9,PR,21.188,1.222
474,2020,10,PR,23.178,1.574
475,2020,11,PR,24.439,1.317
476,2020,12,PR,26.78,2.312
477,2021,1,PR,27.687,1.716
478,2021,2,PR,28.623,3.004
479,2021,3,PR,27.556,3.551
480,2021,4,PR,25.542,2.254
481,2021,5,PR,23.157,2.28
482,2021,6,PR,21.215,2.127
483,2021,7,PR,19.509,2.437
484,2021,8,PR,19.541,1.844
485,2021,9,PR,20.923,1.661
486,2021,10,PR,21.459,1.719
487,2021,11,PR,23.913,1.802
488,2021,12,PR,25.847,1.18
489,2022,1,PR,27.568,2.547
490,2022,2,PR,28.091,2.24
491,2022,3,PR,27.392,2.141
492,2022,4,PR,24.555,2.833
493,2022,5,PR,22.431,3.007
494,2022,6,PR,19.404,5.071
495,2022,7,PR,19.555,2.908
496,2022,8,PR,19.695,3.164
497,2022,9,PR,20.228,2.2
498,2022,10,PR,21.733,2.141
499,2022,11,PR,23.735,2.73
500,2022,12,PR,26.14,3.212
501,2023,1,PR,27.389,2.329
502,2023,2,PR,28.123,2.687
503,2023,3,PR,27.919,4.174
504,2023,4,PR,25.129,2.658
505,2023,5,PR,23.878,2.905
506,2023,6,PR,22.393,2.812
507,2023,7,PR,20.971,2.414
508,2023,8,PR,21.084,2.36
509,2023,9,PR,21.972,2.878
510,2002,7,SC,17.174,3.393
511,2002,8,SC,18.143,3.189
512,2002,9,SC,18.834,2.518
513,2002,10,SC,21.303,1.48
514,2002,11,SC,22.497,1.681
515,2002,12,SC,23.786,1.255
516,2003,1,SC,25.438,0.802
517,2003,2,SC,27.131,1.409
518,2003,3,SC,26.203,1.437
519,2003,4,SC,23.665,1.797
520,2003,5,SC,21.029,2.236
521,2003,6,SC,19.037,3.142
522,2003,7,SC,18.27,3.479
523,2003,8,SC,17.463,2.978
524,2003,9,SC,18.358,2.147
525,2003,10,SC,20.583,1.432
526,2003,11,SC,22.469,1.074
527,2003,12,SC,23.312,0.955
528,2004,1,SC,24.399,1.198
529,2004,2,SC,24.959,1.276
530,2004,3,SC,24.871,1.191
531,2004,4,SC,23.196,1.667
532,2004,5,SC,20.814,2.536
533,2004,6,SC,19.387,2.179
534,2004,7,SC,17.678,2.025
535,2004,8,SC,18.584,1.5
536,2004,9,SC,19.401,1.594
537,2004,10,SC,20.246,1.684
538,2004,11,SC,21.791,1.174
539,2004,12,SC,22.997,1.082
540,2005,1,SC,24.807,1.138
541,2005,2,SC,24.706,1.123
542,2005,3,SC,25.133,1.241
543,2005,4,SC,24.381,1.511
544,2005,5,SC,22.29,2.077
545,2005,6,SC,21.542,1.875
546,2005,7,SC,18.595,2.337
547,2005,8,SC,18.26,2.78
548,2005,9,SC,18.131,2.32
549,2005,10,SC,20.248,1.258
550,2005,11,SC,22.24,1.897
551,2005,12,SC,23.436,1.028
552,2006,1,SC,25.617,1.854
553,2006,2,SC,26.457,1.449
554,2006,3,SC,26.242,1.09
555,2006,4,SC,24.113,1.627
556,2006,5,SC,20.331,1.782
557,2006,6,SC,19.352,2.03
558,2006,7,SC,19.493,2.176
559,2006,8,SC,17.981,2.588
560,2006,9,SC,17.364,1.78
561,2006,10,SC,20.237,1.423
562,2006,11,SC,21.717,1.743
563,2006,12,SC,23.345,1.649
564,2007,1,SC,24.427,0.874
565,2007,2,SC,25.425,0.952
566,2007,3,SC,26.11,1.545
567,2007,4,SC,24.645,1.567
568,2007,5,SC,21.373,2.366
569,2007,6,SC,17.296,4.39
570,2007,7,SC,15.239,6.325
571,2007,8,SC,16.155,4.227
572,2007,9,SC,19.634,2.876
573,2007,10,SC,20.899,1.701
574,2007,11,SC,22.376,1.546
575,2007,12,SC,24.46,0.992
576,2008,1,SC,24.919,0.898
577,2008,2,SC,25.13,2.591
578,2008,3,SC,24.627,2.123
579,2008,4,SC,22.414,2.27
580,2008,5,SC,20.862,2.524
581,2008,6,SC,18.29,2.488
582,2008,7,SC,18.673,2.045
583,2008,8,SC,18.316,1.892
584,2008,9,SC,18.536,1.917
585,2008,10,SC,20.196,1.494
586,2008,11,SC,21.99,1.804
587,2008,12,SC,22.891,1.614
588,2009,1,SC,24.219,2.29
589,2009,2,SC,24.893,1.871
590,2009,3,SC,25.361,1.65
591,2009,4,SC,24.146,1.895
592,2009,5,SC,22.209,1.849
593,2009,6,SC,19.126,2.261
594,2009,7,SC,17.396,2.207
595,2009,8,SC,17.817,2.385
596,2009,9,SC,19.162,1.603
597,2009,10,SC,20.264,2.195
598,2009,11,SC,23.154,1.33
599,2009,12,SC,24.392,1.244
600,2010,1,SC,25.899,1.187
601,2010,2,SC,27.014,1.707
602,2010,3,SC,25.535,2.067
603,2010,4,SC,23.688,2.664
604,2010,5,SC,21.325,2.19
605,2010,6,SC,19.529,2.487
606,2010,7,SC,18.09,2.146
607,2010,8,SC,16.716,2.451
608,2010,9,SC,18.929,1.818
609,2010,10,SC,20.525,1.339
610,2010,11,SC,21.965,1.216
611,2010,12,SC,23.901,1.232
612,2011,1,SC,26.124,1.349
613,2011,2,SC,25.854,1.562
614,2011,3,SC,23.63,1.973
615,2011,4,SC,23.209,1.451
616,2011,5,SC,21.301,1.774
617,2011,6,SC,18.929,2.071
618,2011,7,SC,16.332,3.902
619,2011,8,SC,17.054,3.363
620,2011,9,SC,18.483,2.5
621,2011,10,SC,20.248,1.976
622,2011,11,SC,21.218,1.451
623,2011,12,SC,23.344,1.064
624,2012,1,SC,24.482,1.697
625,2012,2,SC,24.508,1.688
626,2012,3,SC,24.44,1.689
627,2012,4,SC,23.266,1.313
628,2012,5,SC,21.631,1.841
629,2012,6,SC,19.56,2.801
630,2012,7,SC,17.24,3.064
631,2012,8,SC,18.573,3.084
632,2012,9,SC,19.686,2.379
633,2012,10,SC,20.838,1.973
634,2012,11,SC,22.743,1.568
635,2012,12,SC,24.392,0.965
636,2013,1,SC,24.9,1.03
637,2013,2,SC,25.929,1.537
638,2013,3,SC,24.737,2.024
639,2013,4,SC,23.34,1.676
640,2013,5,SC,21.376,2.173
641,2013,6,SC,18.62,2.489
642,2013,7,SC,16.947,3.933
643,2013,8,SC,16.266,3.83
644,2013,9,SC,18.654,3.332
645,2013,10,SC,20.937,1.907
646,2013,11,SC,21.294,1.703
647,2013,12,SC,24.692,1.073
648,2014,1,SC,26.153,1.409
649,2014,2,SC,26.183,1.474
650,2014,3,SC,25.26,1.702
651,2014,4,SC,23.534,1.403
652,2014,5,SC,21.594,1.997
653,2014,6,SC,19.328,2.863
654,2014,7,SC,18.79,2.687
655,2014,8,SC,18.484,2.591
656,2014,9,SC,19.672,2.157
657,2014,10,SC,20.903,2.185
658,2014,11,SC,22.813,1.252
659,2014,12,SC,24.128,1.41
660,2015,1,SC,27.336,1.256
661,2015,2,SC,26.716,1.942
662,2015,3,SC,25.498,1.611
663,2015,4,SC,23.466,1.591
664,2015,5,SC,21.807,2.183
665,2015,6,SC,19.979,3.299
666,2015,7,SC,18.348,3.128
667,2015,8,SC,19.849,2.173
668,2015,9,SC,19.186,2.591
669,2015,10,SC,18.879,1.052
670,2015,11,SC,21.699,1.418
671,2015,12,SC,23.637,0.777
672,2016,1,SC,25.454,2.13
673,2016,2,SC,26.298,1.44
674,2016,3,SC,25.665,2.131
675,2016,4,SC,24.64,2.294
676,2016,5,SC,18.658,3.958
677,2016,6,SC,16.049,6.941
678,2016,7,SC,16.96,5.912
679,2016,8,SC,17.361,4.829
680,2016,9,SC,17.985,3.658
681,2016,10,SC,20.83,2.113
682,2016,11,SC,22.504,1.703
683,2016,12,SC,23.996,1.235
684,2017,1,SC,27.074,1.071
685,2017,2,SC,27.145,1.672
686,2017,3,SC,25.568,1.469
687,2017,4,SC,23.36,1.729
688,2017,5,SC,21.501,1.651
689,2017,6,SC,19.805,3.184
690,2017,7,SC,19.325,2.1
691,2017,8,SC,19.467,2.131
692,2017,9,SC,20.184,2.135
693,2017,10,SC,20.912,1.343
694,2017,11,SC,22.164,1.517
695,2017,12,SC,24.08,1.173
696,2018,1,SC,25.294,1.399
697,2018,2,SC,25.665,0.925
698,2018,3,SC,25.556,1.377
699,2018,4,SC,25.259,1.798
700,2018,5,SC,22.917,1.771
701,2018,6,SC,18.575,3.015
702,2018,7,SC,16.91,5.174
703,2018,8,SC,17.187,2.819
704,2018,9,SC,20.221,2.001
705,2018,10,SC,21.69,1.559
706,2018,11,SC,22.415,1.709
707,2018,12,SC,24.716,1.091
708,2019,1,SC,26.839,1.072
709,2019,2,SC,26.961,1.23
710,2019,3,SC,26.154,1.632
711,2019,4,SC,24.458,1.817
712,2019,5,SC,22.692,1.796
713,2019,6,SC,21.14,3.428
714,2019,7,SC,17.947,3.286
715,2019,8,SC,17.301,3.323
716,2019,9,SC,18.898,2.244
717,2019,10,SC,21.504,1.759
718,2019,11,SC,22.026,2.25
719,2019,12,SC,23.622,1.568
720,2020,1,SC,25.494,1.134
721,2020,2,SC,25.394,1.399
722,2020,3,SC,25.105,1.582
723,2020,4,SC,23.136,1.795
724,2020,5,SC,21.412,2.03
725,2020,6,SC,19.626,2.601
726,2020,7,SC,17.901,3.009
727,2020,8,SC,17.907,2.084
728,2020,9,SC,19.425,2.062
729,2020,10,SC,21.233,1.377
730,2020,11,SC,22.883,0.973
731,2020,12,SC,24.551,1.218
732,2021,1,SC,25.527,1.067
733,2021,2,SC,26.552,1.631
734,2021,3,SC,25.99,1.534
735,2021,4,SC,24.319,1.56
736,2021,5,SC,21.65,2.09
737,2021,6,SC,18.993,2.424
738,2021,7,SC,17.546,2.969
739,2021,8,SC,17.39,2.168
740,2021,9,SC,19.455,1.405
741,2021,10,SC,20.47,1.555
742,2021,11,SC,21.837,1.732
743,2021,12,SC,23.755,1.073
744,2022,1,SC,24.665,1.611
745,2022,2,SC,25.569,1.539
746,2022,3,SC,25.988,1.832
747,2022,4,SC,23.341,2.126
748,2022,5,SC,20.818,3.121
749,2022,6,SC,17.429,4.182
750,2022,7,SC,17.89,3.343
751,2022,8,SC,18.224,3.086
752,2022,9,SC,18.447,2.799
753,2022,10,SC,20.483,1.877
754,2022,11,SC,21.998,1.601
755,2022,12,SC,23.989,2.067
756,2023,1,SC,25.575,1.633
757,2023,2,SC,26.508,1.758
758,2023,3,SC,25.951,2.036
759,2023,4,SC,23.876,1.843
760,2023,5,SC,22.89,2.251
761,2023,6,SC,20.848,2.817
762,2023,7,SC,19.252,2.899
763,2023,8,SC,18.343,2.02
764,2023,9,SC,19.498,1.877
765,2002,7,APA,17.108,3.789
766,2002,8,APA,18.071,3.106
767,2002,9,APA,18.836,2.075
768,2002,10,APA,20.898,1.021
769,2002,11,APA,22.163,1.419
770,2002,12,APA,23.574,1.362
771,2003,1,APA,25.207,0.593
772,2003,2,APA,26.412,1.016
773,2003,3,APA,26.104,1.136
774,2003,4,APA,23.604,1.774
775,2003,5,APA,20.997,2.049
776,2003,6,APA,18.882,3.708
777,2003,7,APA,18.287,3.367
778,2003,8,APA,17.303,2.803
779,2003,9,APA,18.207,1.881
780,2003,10,APA,20.556,1.076
781,2003,11,APA,22.475,0.833
782,2003,12,APA,23.134,0.651
783,2004,1,APA,24.219,1.18
784,2004,2,APA,24.789,1.108
785,2004,3,APA,24.723,0.971
786,2004,4,APA,23.116,1.229
787,2004,5,APA,20.808,2.537
788,2004,6,APA,19.552,2.229
789,2004,7,APA,17.739,1.838
790,2004,8,APA,18.546,1.249
791,2004,9,APA,19.378,1.356
792,2004,10,APA,20.33,1.355
793,2004,11,APA,21.636,0.759
794,2004,12,APA,23.17,0.737
795,2005,1,APA,24.636,1.116
796,2005,2,APA,24.346,0.72
797,2005,3,APA,24.859,0.842
798,2005,4,APA,24.128,1.317
799,2005,5,APA,22.207,1.892
800,2005,6,APA,21.558,1.453
801,2005,7,APA,18.53,2.089
802,2005,8,APA,18.165,2.304
803,2005,9,APA,18.247,1.946
804,2005,10,APA,20.379,0.994
805,2005,11,APA,21.992,1.731
806,2005,12,APA,23.319,0.864
807,2006,1,APA,25.128,1.597
808,2006,2,APA,26.18,0.627
809,2006,3,APA,26.135,0.768
810,2006,4,APA,24.095,1.397
811,2006,5,APA,20.145,1.716
812,2006,6,APA,19.282,1.932
813,2006,7,APA,19.474,2.079
814,2006,8,APA,17.748,2.411
815,2006,9,APA,17.037,1.511
816,2006,10,APA,20.308,1.001
817,2006,11,APA,21.888,1.558
818,2006,12,APA,22.819,1.313
819,2007,1,APA,23.932,0.717
820,2007,2,APA,24.94,0.618
821,2007,3,APA,25.527,1.366
822,2007,4,APA,24.4,1.702
823,2007,5,APA,21.325,2.379
824,2007,6,APA,17.014,4.562
825,2007,7,APA,15.184,5.246
826,2007,8,APA,16.382,4.129
827,2007,9,APA,19.708,2.246
828,2007,10,APA,20.749,1.189
829,2007,11,APA,22.431,0.923
830,2007,12,APA,23.968,0.559
831,2008,1,APA,24.695,0.805
832,2008,2,APA,24.874,1.903
833,2008,3,APA,24.359,2.073
834,2008,4,APA,22.303,1.941
835,2008,5,APA,20.832,2.158
836,2008,6,APA,17.95,2.509
837,2008,7,APA,18.765,1.786
838,2008,8,APA,18.145,1.546
839,2008,9,APA,18.427,1.822
840,2008,10,APA,20.135,1.108
841,2008,11,APA,21.998,1.187
842,2008,12,APA,22.773,1.167
843,2009,1,APA,24.279,1.645
844,2009,2,APA,24.455,1.654
845,2009,3,APA,24.958,1.046
846,2009,4,APA,24.069,1.417
847,2009,5,APA,22.182,1.615
848,2009,6,APA,19.059,2.179
849,2009,7,APA,17.255,1.885
850,2009,8,APA,17.667,1.987
851,2009,9,APA,19.263,1.516
852,2009,10,APA,20.004,1.41
853,2009,11,APA,22.578,1.555
854,2009,12,APA,24.244,0.872
855,2010,1,APA,25.794,0.937
856,2010,2,APA,26.397,1.151
857,2010,3,APA,25.384,1.196
858,2010,4,APA,23.53,2.316
859,2010,5,APA,21.357,1.355
860,2010,6,APA,19.506,1.961
861,2010,7,APA,17.998,2.045
862,2010,8,APA,16.658,2.124
863,2010,9,APA,18.901,1.709
864,2010,10,APA,20.345,0.887
865,2010,11,APA,21.772,1.334
866,2010,12,APA,23.636,0.537
867,2011,1,APA,25.539,1.118
868,2011,2,APA,25.646,1.057
869,2011,3,APA,23.629,1.176
870,2011,4,APA,22.91,1.174
871,2011,5,APA,21.257,1.27
872,2011,6,APA,18.804,1.874
873,2011,7,APA,16.174,3.065
874,2011,8,APA,17.171,2.156
875,2011,9,APA,18.298,1.84
876,2011,10,APA,20.298,1.806
877,2011,11,APA,21.239,1.341
878,2011,12,APA,23.076,0.746
879,2012,1,APA,24.019,1.108
880,2012,2,APA,23.392,1.632
881,2012,3,APA,23.923,1.79
882,2012,4,APA,23.032,1.095
883,2012,5,APA,21.345,1.134
884,2012,6,APA,19.53,2.444
885,2012,7,APA,17.08,2.655
886,2012,8,APA,18.401,2.537
887,2012,9,APA,19.693,2.208
888,2012,10,APA,20.833,0.998
889,2012,11,APA,22.861,1.519
890,2012,12,APA,23.723,1.007
891,2013,1,APA,24.711,0.936
892,2013,2,APA,25.627,0.993
893,2013,3,APA,24.609,1.763
894,2013,4,APA,23.248,1.291
895,2013,5,APA,21.097,2.249
896,2013,6,APA,18.491,2.917
897,2013,7,APA,16.966,3.425
898,2013,8,APA,16.268,3.992
899,2013,9,APA,18.68,2.936
900,2013,10,APA,20.793,1.618
901,2013,11,APA,21.387,1.492
902,2013,12,APA,24.745,0.67
903,2014,1,APA,25.272,1.105
904,2014,2,APA,25.265,1.35
905,2014,3,APA,24.901,1.307
906,2014,4,APA,23.431,1.227
907,2014,5,APA,21.486,1.474
908,2014,6,APA,19.284,2.862
909,2014,7,APA,18.734,3.432
910,2014,8,APA,18.311,2.269
911,2014,9,APA,19.514,2.228
912,2014,10,APA,20.673,1.884
913,2014,11,APA,22.414,1.151
914,2014,12,APA,23.457,1.524
915,2015,1,APA,27.323,1.057
916,2015,2,APA,26.496,1.546
917,2015,3,APA,25.29,1.103
918,2015,4,APA,23.003,0.923
919,2015,5,APA,21.686,1.705
920,2015,6,APA,19.883,2.52
921,2015,7,APA,18.182,2.71
922,2015,8,APA,19.583,1.979
923,2015,9,APA,18.938,2.01
924,2015,10,APA,18.983,0.97
925,2015,11,APA,21.841,0.867
926,2015,12,APA,22.88,0.578
927,2016,1,APA,25.424,1.415
928,2016,2,APA,26.203,0.95
929,2016,3,APA,25.665,1.23
930,2016,4,APA,24.351,1.728
931,2016,5,APA,18.672,3.841
932,2016,6,APA,16.124,6.934
933,2016,7,APA,17.304,5.003
934,2016,8,APA,17.28,4.533
935,2016,9,APA,17.74,3.426
936,2016,10,APA,20.351,1.5
937,2016,11,APA,22.289,1.278
938,2016,12,APA,23.677,0.819
939,2017,1,APA,26.873,0.777
940,2017,2,APA,26.53,1.344
941,2017,3,APA,25.548,1.125
942,2017,4,APA,23.154,1.426
943,2017,5,APA,21.39,0.996
944,2017,6,APA,19.689,2.367
945,2017,7,APA,19.213,1.76
946,2017,8,APA,19.418,1.809
947,2017,9,APA,19.698,1.957
948,2017,10,APA,20.462,1.206
949,2017,11,APA,21.79,1.148
950,2017,12,APA,23.832,1.045
951,2018,1,APA,24.955,0.822
952,2018,2,APA,25.545,0.699
953,2018,3,APA,25.431,1.187
954,2018,4,APA,25.006,1.383
955,2018,5,APA,22.678,1.607
956,2018,6,APA,18.331,3.338
957,2018,7,APA,16.845,5.07
958,2018,8,APA,17.124,2.525
959,2018,9,APA,19.873,1.645
960,2018,10,APA,21.576,1.11
961,2018,11,APA,22.542,1.594
962,2018,12,APA,24.46,0.897
963,2019,1,APA,26.43,0.97
964,2019,2,APA,26.729,0.805
965,2019,3,APA,26.216,1.247
966,2019,4,APA,24.383,1.627
967,2019,5,APA,22.62,1.723
968,2019,6,APA,21.058,1.924
969,2019,7,APA,17.756,3.103
970,2019,8,APA,17.048,2.914
971,2019,9,APA,19.082,1.808
972,2019,10,APA,21.383,1.651
973,2019,11,APA,22.332,2.489
974,2019,12,APA,23.065,1.329
975,2020,1,APA,25.209,0.96
976,2020,2,APA,25.182,0.994
977,2020,3,APA,24.655,1.236
978,2020,4,APA,22.939,1.706
979,2020,5,APA,21.267,1.842
980,2020,6,APA,19.547,1.981
981,2020,7,APA,17.792,2.811
982,2020,8,APA,17.809,1.655
983,2020,9,APA,19.319,1.353
984,2020,10,APA,21.152,1.021
985,2020,11,APA,22.594,0.733
986,2020,12,APA,24.436,0.825
987,2021,1,APA,25.103,0.628
988,2021,2,APA,26.437,1.165
989,2021,3,APA,25.753,1.066
990,2021,4,APA,24.079,1.233
991,2021,5,APA,21.494,1.759
992,2021,6,APA,18.844,1.921
993,2021,7,APA,17.376,2.544
994,2021,8,APA,17.187,1.522
995,2021,9,APA,19.325,1.413
996,2021,10,APA,20.457,1.109
997,2021,11,APA,21.659,1.387
998,2021,12,APA,23.65,1.058
999,2022,1,APA,24.638,1.359
1000,2022,2,APA,25.365,1.467
1001,2022,3,APA,25.782,1.518
1002,2022,4,APA,23.271,1.791
1003,2022,5,APA,20.676,2.768
1004,2022,6,APA,17.279,3.251
1005,2022,7,APA,18.019,3.328
1006,2022,8,APA,18.162,2.408
1007,2022,9,APA,18.39,2.26
1008,2022,10,APA,20.475,1.22
1009,2022,11,APA,21.723,1.095
1010,2022,12,APA,23.736,1.324
1011,2023,1,APA,25.168,1.075
1012,2023,2,APA,26.286,0.952
1013,2023,3,APA,25.549,1.275
1014,2023,4,APA,23.715,1.283
1015,2023,5,APA,22.9,1.642
1016,2023,6,APA,20.795,2.241
1017,2023,7,APA,19.185,2.081
1018,2023,8,APA,18.214,1.774
1019,2023,9,APA,19.177,1.578
