,Year,Month,Area,Mean,Median,Minimum,Maximum,Q1,Q3,Lower Outliers,Upper Outliers
0,2002,7,SP,1.32,1.397,0.87,1.553,1.19,1.46,[],[]
1,2002,8,SP,1.76,1.668,1.417,2.272,1.56,1.932,[],[]
2,2002,9,SP,1.293,1.309,0.579,2.324,0.803,1.679,[],[]
3,2002,10,SP,0.848,0.642,0.454,1.007,0.49,0.93,[],[1.884]
4,2002,11,SP,1.245,1.137,0.216,2.315,0.917,1.697,[],[]
5,2002,12,SP,0.963,1.002,0.248,1.784,0.586,1.282,[],[]
6,2003,1,SP,1.026,1.006,0.335,1.637,0.649,1.455,[],[]
7,2003,2,SP,1.645,1.383,0.593,2.891,0.808,1.996,[],[4.306]
8,2003,3,SP,1.056,0.896,0.456,1.898,0.638,1.293,[],[2.31]
9,2003,4,SP,1.641,1.636,0.815,2.321,1.408,1.912,[],[]
10,2003,5,SP,1.581,1.5,1.151,2.171,1.21,1.915,[],[]
11,2003,6,SP,1.507,1.523,1.12,1.824,1.376,1.638,[],[]
12,2003,7,SP,1.854,1.89,1.247,2.345,1.54,2.107,[],[]
13,2003,8,SP,1.591,1.64,1.083,1.995,1.386,1.767,[],[]
14,2003,9,SP,1.364,1.378,0.707,1.821,1.18,1.528,[],[2.136]
15,2003,10,SP,1.259,1.012,0.658,1.908,0.943,1.697,[],[]
16,2003,11,SP,0.971,0.905,0.212,1.719,0.467,1.144,[],[2.593]
17,2003,12,SP,0.504,0.488,0.234,0.859,0.37,0.61,[],[]
18,2004,1,SP,0.905,0.692,0.374,1.099,0.595,0.94,[],[2.736]
19,2004,2,SP,1.606,1.587,0.531,3.143,0.952,2.092,[],[]
20,2004,3,SP,1.039,0.968,0.527,1.82,0.734,1.297,[],[]
21,2004,4,SP,1.427,1.3,0.548,2.327,1.036,1.868,[],[]
22,2004,5,SP,1.769,1.749,1.256,2.103,1.565,1.843,[],[2.368]
23,2004,6,SP,1.861,1.768,1.069,2.517,1.594,2.166,[],[]
24,2004,7,SP,1.695,1.683,1.087,2.213,1.367,2.041,[],[]
25,2004,8,SP,1.595,1.562,1.184,1.956,1.344,1.712,[],[2.425]
26,2004,9,SP,1.251,1.265,0.744,1.556,1.096,1.381,[],[1.835]
27,2004,10,SP,0.752,0.735,0.18,1.485,0.357,1.01,[],[]
28,2004,11,SP,1.154,1.22,0.951,1.356,0.987,1.268,[],[]
29,2004,12,SP,2.011,1.124,0.312,3.542,0.854,2.656,[],[7.387]
30,2005,1,SP,1.385,1.227,0.478,2.812,0.607,1.642,[],[]
31,2005,2,SP,1.244,1.132,0.418,2.555,0.683,1.608,[],[]
32,2005,3,SP,0.853,0.854,0.428,1.016,0.639,0.962,[],[1.751]
33,2005,4,SP,1.364,1.343,0.758,1.905,0.927,1.878,[],[]
34,2005,5,SP,1.635,1.645,0.489,2.536,1.247,2.148,[],[]
35,2005,6,SP,1.541,1.334,1.037,1.944,1.241,1.703,[],[2.842]
36,2005,7,SP,1.484,1.375,0.924,2.494,1.129,1.693,[],[]
37,2005,8,SP,1.399,1.261,0.954,2.047,1.119,1.51,[],[2.153]
38,2005,9,SP,1.603,0.915,0.479,1.945,0.815,1.286,[],[7.158]
39,2005,10,SP,0.694,0.531,0.45,1.181,0.499,0.849,[],[]
40,2005,11,SP,1.469,1.215,0.54,2.994,0.96,1.946,[],[]
41,2005,12,SP,0.78,0.878,0.327,1.206,0.609,0.915,[],[]
42,2006,1,SP,0.834,0.839,0.451,0.936,0.69,0.894,[0.323],[1.723]
43,2006,2,SP,1.62,1.314,0.376,3.345,0.748,2.0,[],[4.261]
44,2006,3,SP,1.343,1.196,0.537,2.379,0.966,1.672,[],[]
45,2006,4,SP,2.341,2.353,1.58,2.948,1.96,2.496,[0.803],[4.424]
46,2006,5,SP,1.992,1.941,1.141,2.933,1.493,2.304,[],[]
47,2006,6,SP,1.908,1.855,1.536,2.434,1.632,2.154,[],[]
48,2006,7,SP,1.512,1.524,1.183,1.891,1.197,1.772,[],[]
49,2006,8,SP,1.508,1.5,0.94,2.105,1.254,1.684,[],[]
50,2006,9,SP,1.455,1.507,0.934,1.897,1.288,1.561,[],[]
51,2006,10,SP,1.039,1.121,0.211,1.711,0.778,1.449,[],[]
52,2006,11,SP,0.89,0.707,0.427,1.705,0.527,1.19,[],[]
53,2006,12,SP,0.616,0.567,0.3,1.138,0.437,0.725,[],[]
54,2007,1,SP,0.887,1.073,0.363,1.388,0.553,1.188,[],[]
55,2007,2,SP,1.21,1.111,0.55,2.191,0.9,1.538,[],[]
56,2007,3,SP,1.004,1.008,0.59,1.728,0.634,1.225,[],[]
57,2007,4,SP,1.08,1.01,0.918,1.255,0.988,1.177,[0.665],[1.546]
58,2007,5,SP,1.75,1.692,1.307,2.431,1.51,1.944,[],[]
59,2007,6,SP,1.646,1.485,1.231,2.264,1.348,1.991,[],[]
60,2007,7,SP,2.243,1.942,1.089,4.283,1.53,2.842,[],[]
61,2007,8,SP,3.675,3.193,2.003,3.554,2.342,3.554,[],"[6.956, 6.977]"
62,2007,9,SP,1.238,1.08,0.358,2.241,0.979,1.5,[],[]
63,2007,10,SP,1.088,1.112,0.777,1.281,0.969,1.219,[0.511],[1.74]
64,2007,11,SP,0.735,0.677,0.334,1.172,0.518,0.911,[],[]
65,2007,12,SP,0.704,0.582,0.251,1.186,0.347,1.071,[],[]
66,2008,1,SP,0.804,0.659,0.292,1.627,0.53,1.119,[],[]
67,2008,2,SP,1.602,1.733,0.399,2.703,1.023,2.082,[],[]
68,2008,3,SP,1.451,1.367,0.768,2.588,1.067,1.779,[],[]
69,2008,4,SP,1.74,1.674,0.552,2.597,1.328,2.046,[],[3.503]
70,2008,5,SP,2.406,1.964,1.663,3.758,1.803,3.13,[],[]
71,2008,6,SP,2.207,2.013,1.213,2.957,1.775,2.299,[],[4.354]
72,2008,7,SP,1.288,1.213,0.914,1.827,1.068,1.455,[],[]
73,2008,8,SP,1.798,1.76,1.154,2.792,1.305,2.057,[],[]
74,2008,9,SP,0.998,1.001,0.647,1.388,0.853,1.129,[],[]
75,2008,10,SP,1.107,1.059,0.919,1.609,0.97,1.502,[0.156],[]
76,2008,11,SP,1.372,1.271,0.193,1.864,0.916,1.464,[],[3.554]
77,2008,12,SP,1.088,1.071,0.558,1.471,0.91,1.376,[],[]
78,2009,1,SP,1.085,0.929,0.593,1.812,0.78,1.401,[],[]
79,2009,2,SP,1.656,1.121,0.374,3.453,0.667,2.164,[],[4.988]
80,2009,3,SP,1.967,1.603,0.509,3.799,1.133,2.715,[],[]
81,2009,4,SP,1.655,1.666,1.36,1.922,1.525,1.761,[],[]
82,2009,5,SP,1.619,1.757,1.173,2.168,1.405,1.828,[0.704],[]
83,2009,6,SP,1.38,1.394,0.866,2.093,1.075,1.483,[],[]
84,2009,7,SP,2.139,1.512,1.13,3.439,1.477,2.764,[],[4.969]
85,2009,8,SP,2.559,2.245,1.301,4.928,1.897,3.14,[],[]
86,2009,9,SP,1.804,1.942,0.52,3.22,0.989,2.272,[],[]
87,2009,10,SP,1.636,1.511,0.478,2.957,1.111,2.145,[],[]
88,2009,11,SP,1.688,1.048,0.361,4.575,0.642,2.465,[],[]
89,2009,12,SP,0.75,0.352,0.164,1.789,0.217,0.933,[],[2.844]
90,2010,1,SP,1.567,1.581,0.309,3.07,0.635,2.218,[],[]
91,2010,2,SP,1.7,1.338,0.204,3.112,0.892,2.008,[],"[3.934, 4.096]"
92,2010,3,SP,1.5,1.122,0.758,3.062,0.951,2.001,[],[]
93,2010,4,SP,2.512,2.489,1.3,3.769,1.9,2.998,[],[]
94,2010,5,SP,1.78,1.862,0.903,2.306,1.559,2.024,[],[]
95,2010,6,SP,1.968,1.88,1.392,2.375,1.757,2.184,[],[2.977]
96,2010,7,SP,1.635,1.524,1.049,2.39,1.34,1.877,[],[]
97,2010,8,SP,2.467,2.018,1.016,2.863,1.683,2.75,[],[7.48]
98,2010,9,SP,0.96,0.699,0.336,2.05,0.552,1.5,[],[]
99,2010,10,SP,0.929,0.957,0.456,1.277,0.757,1.082,[],[]
100,2010,11,SP,0.666,0.636,0.284,1.175,0.536,0.84,[],[]
101,2010,12,SP,1.156,1.111,0.176,2.15,0.521,1.778,[],[]
102,2011,1,SP,1.133,1.09,0.487,2.501,0.647,1.45,[],[]
103,2011,2,SP,1.289,1.095,0.498,2.241,0.773,1.781,[],[]
104,2011,3,SP,1.43,1.336,0.933,1.649,1.221,1.458,[0.734],"[2.142, 2.662]"
105,2011,4,SP,1.904,1.986,1.032,2.162,1.242,2.121,[],[3.913]
106,2011,5,SP,1.468,1.41,0.841,2.025,1.229,1.648,[],[2.284]
107,2011,6,SP,1.659,1.683,1.173,2.149,1.373,1.968,[],[]
108,2011,7,SP,1.66,1.679,1.281,1.967,1.535,1.825,[],[]
109,2011,8,SP,1.999,1.926,1.477,2.822,1.678,2.204,[],[]
110,2011,9,SP,1.487,1.408,1.119,2.009,1.36,1.695,[0.735],[]
111,2011,10,SP,1.56,1.403,0.94,2.652,1.308,1.852,[],[]
112,2011,11,SP,0.991,1.066,0.603,1.227,0.913,1.139,[0.239],[1.527]
113,2011,12,SP,0.824,0.681,0.483,1.199,0.616,0.955,[],[1.603]
114,2012,1,SP,0.927,0.932,0.327,1.475,0.719,1.163,[],[]
115,2012,2,SP,1.224,1.126,0.826,1.738,1.057,1.423,[],[]
116,2012,3,SP,1.214,1.205,0.545,1.72,0.878,1.542,[],[]
117,2012,4,SP,1.11,0.954,0.765,1.59,0.868,1.262,[],[2.002]
118,2012,5,SP,1.783,1.684,1.217,2.652,1.391,1.946,[],[]
119,2012,6,SP,2.823,2.555,1.507,3.979,1.809,3.435,[],[6.004]
120,2012,7,SP,2.785,2.495,1.512,3.962,2.099,3.057,[],[5.679]
121,2012,8,SP,1.6,1.497,1.181,2.123,1.301,1.931,[],[]
122,2012,9,SP,1.296,1.249,0.679,2.128,0.776,1.78,[],[]
123,2012,10,SP,1.017,0.995,0.354,1.867,0.733,1.204,[],[]
124,2012,11,SP,0.976,0.946,0.22,1.727,0.647,1.288,[],[]
125,2012,12,SP,0.608,0.594,0.224,1.108,0.318,0.849,[],[]
126,2013,1,SP,0.89,0.67,0.194,1.746,0.455,1.621,[],[]
127,2013,2,SP,0.965,0.962,0.595,1.263,0.747,1.178,[],[]
128,2013,3,SP,1.074,1.049,0.41,1.783,0.779,1.281,[],[]
129,2013,4,SP,1.341,1.41,1.111,1.468,1.232,1.438,[0.847],[1.778]
130,2013,5,SP,1.314,1.283,0.752,1.878,1.166,1.631,[0.43],[]
131,2013,6,SP,1.457,1.383,1.143,1.789,1.236,1.528,[],[2.261]
132,2013,7,SP,2.674,2.371,1.099,5.059,1.866,3.335,[],[]
133,2013,8,SP,2.082,2.018,1.753,2.285,1.89,2.159,[],"[2.611, 2.57]"
134,2013,9,SP,1.633,1.584,1.104,1.794,1.463,1.711,[],"[2.464, 2.114]"
135,2013,10,SP,1.039,0.685,0.453,1.891,0.602,1.22,[],[2.168]
136,2013,11,SP,1.418,1.332,0.653,2.386,1.168,1.657,[],[]
137,2013,12,SP,1.218,1.16,0.61,1.727,1.005,1.51,[],[]
138,2014,1,SP,1.403,1.227,0.91,1.55,1.104,1.437,[],[3.322]
139,2014,2,SP,2.21,2.006,1.04,3.025,1.746,2.499,[],[4.482]
140,2014,3,SP,1.829,1.605,1.041,2.581,1.354,2.046,[],[3.584]
141,2014,4,SP,1.874,1.898,1.132,2.917,1.355,2.03,[],[]
142,2014,5,SP,1.754,1.64,1.409,2.454,1.504,1.935,[],[]
143,2014,6,SP,2.517,2.317,1.415,4.239,1.81,2.799,[],[]
144,2014,7,SP,1.885,1.763,1.564,2.851,1.642,2.164,[0.591],[]
145,2014,8,SP,1.64,1.586,1.097,2.597,1.237,1.864,[],[]
146,2014,9,SP,1.211,1.256,1.001,1.661,1.122,1.367,"[0.754, 0.579]",[]
147,2014,10,SP,0.912,0.915,0.166,1.811,0.419,1.346,[],[]
148,2014,11,SP,0.668,0.674,0.223,1.363,0.443,0.856,[],[]
149,2014,12,SP,0.8,0.855,0.254,1.226,0.633,1.009,[],[]
150,2015,1,SP,0.848,0.798,0.216,1.223,0.63,1.015,[],[1.874]
151,2015,2,SP,1.317,1.572,0.309,2.09,0.878,1.799,[],[]
152,2015,3,SP,1.808,1.616,0.466,4.1,0.953,2.277,[],[]
153,2015,4,SP,1.502,1.208,0.903,2.379,1.023,1.973,[],[]
154,2015,5,SP,1.66,1.716,0.821,2.607,1.28,1.905,[],[]
155,2015,6,SP,1.971,1.947,1.475,2.355,1.812,2.107,[],[2.678]
156,2015,7,SP,1.764,1.83,1.5,2.214,1.615,1.944,[1.006],[]
157,2015,8,SP,1.284,1.367,0.961,1.602,1.174,1.444,[0.767],[]
158,2015,9,SP,1.506,1.476,0.508,1.94,1.016,1.771,[],[3.479]
159,2015,10,SP,1.003,0.906,0.512,1.074,0.766,1.056,[],[1.866]
160,2015,11,SP,0.794,0.495,0.381,0.621,0.457,0.621,[],"[0.869, 2.676]"
161,2015,12,SP,1.166,0.951,0.208,1.834,0.691,1.225,[],[3.721]
162,2016,1,SP,1.969,1.699,0.231,3.873,0.806,3.465,[],[]
163,2016,2,SP,1.515,1.577,0.568,2.421,0.992,2.128,[],[]
164,2016,3,SP,1.615,1.35,0.695,2.996,1.217,2.102,[],[]
165,2016,4,SP,1.455,1.461,1.11,1.764,1.293,1.645,[],[]
166,2016,5,SP,1.408,1.359,1.151,1.759,1.227,1.55,[],[]
167,2016,6,SP,3.048,2.405,0.992,5.205,2.05,3.61,[],[6.81]
168,2016,7,SP,4.043,4.082,2.502,5.474,3.155,4.999,[],[]
169,2016,8,SP,3.217,3.085,2.305,4.107,2.839,3.668,[],[]
170,2016,9,SP,1.694,1.744,0.43,3.13,0.8,2.312,[],[]
171,2016,10,SP,1.447,1.412,0.344,2.624,1.05,1.83,[],[]
172,2016,11,SP,1.123,1.196,0.343,1.838,0.772,1.419,[],[]
173,2016,12,SP,0.905,0.97,0.373,1.847,0.461,1.111,[],[]
174,2017,1,SP,1.125,0.804,0.289,1.47,0.714,1.222,[],[3.876]
175,2017,2,SP,1.653,1.515,0.587,2.788,1.031,2.327,[],[]
176,2017,3,SP,1.596,1.522,0.912,2.174,1.261,2.01,[],[]
177,2017,4,SP,1.41,1.288,0.903,2.055,1.036,1.731,[],[]
178,2017,5,SP,1.593,1.596,0.914,2.364,1.29,1.943,[],[]
179,2017,6,SP,2.002,2.091,1.382,3.12,1.602,2.251,[],[]
180,2017,7,SP,1.591,1.55,1.115,2.001,1.431,1.758,[],[]
181,2017,8,SP,2.028,2.008,1.495,2.733,1.704,2.32,[],[]
182,2017,9,SP,1.246,1.194,0.725,1.53,1.046,1.367,[],[2.293]
183,2017,10,SP,1.16,1.245,0.384,1.347,0.877,1.324,[],[2.103]
184,2017,11,SP,1.145,1.124,0.816,1.491,0.996,1.291,[],[]
185,2017,12,SP,0.621,0.578,0.168,1.162,0.497,0.787,[],[]
186,2018,1,SP,1.222,1.199,0.221,2.356,0.73,1.712,[],[]
187,2018,2,SP,1.301,1.228,0.27,2.809,0.556,1.63,[],[]
188,2018,3,SP,1.577,1.501,0.706,2.075,1.276,1.812,[],[2.722]
189,2018,4,SP,1.458,1.559,0.701,2.098,1.166,1.804,[],[]
190,2018,5,SP,1.417,1.385,0.721,1.683,1.195,1.571,[],[2.492]
191,2018,6,SP,1.489,1.467,0.21,2.798,1.091,1.778,[],[]
192,2018,7,SP,1.681,1.576,1.311,1.945,1.412,1.777,[],[2.852]
193,2018,8,SP,1.577,1.553,1.238,1.915,1.482,1.682,[1.078],[2.146]
194,2018,9,SP,1.077,1.1,0.637,1.344,0.819,1.225,[],[1.853]
195,2018,10,SP,0.886,0.827,0.492,1.274,0.715,1.089,[],[]
196,2018,11,SP,1.051,0.874,0.205,1.765,0.517,1.176,[],[3.138]
197,2018,12,SP,1.005,1.121,0.273,1.713,0.444,1.42,[],[]
198,2019,1,SP,1.251,0.994,0.437,1.97,0.592,1.454,[],[3.887]
199,2019,2,SP,1.861,1.753,0.773,3.676,1.286,2.35,[],[]
200,2019,3,SP,2.107,1.993,0.864,3.882,1.194,2.784,[],[]
201,2019,4,SP,1.964,1.973,1.552,2.212,1.901,2.152,[1.098],[2.739]
202,2019,5,SP,1.886,1.904,0.906,2.94,1.425,2.337,[],[]
203,2019,6,SP,4.208,4.0,1.911,7.751,2.565,5.763,[],[]
204,2019,7,SP,2.325,2.211,1.562,2.913,2.007,2.566,[],[3.521]
205,2019,8,SP,1.793,1.845,1.329,2.43,1.613,2.109,[0.821],[]
206,2019,9,SP,1.838,1.573,0.782,2.539,1.362,1.976,[],"[3.665, 3.087]"
207,2019,10,SP,1.248,1.294,0.527,1.905,0.846,1.609,[],[]
208,2019,11,SP,0.938,0.975,0.251,1.517,0.775,1.191,[],[]
209,2019,12,SP,0.854,0.867,0.32,1.447,0.537,1.152,[],[]
210,2020,1,SP,0.771,0.651,0.159,1.455,0.399,1.222,[],[]
211,2020,2,SP,0.95,0.897,0.464,1.279,0.766,1.093,[0.16],[2.068]
212,2020,3,SP,1.456,1.216,0.582,2.736,0.966,1.72,[],[2.867]
213,2020,4,SP,1.141,1.087,0.641,1.604,0.998,1.358,[],[]
214,2020,5,SP,1.399,1.427,0.93,1.562,1.254,1.489,[],[1.925]
215,2020,6,SP,1.458,1.593,0.946,2.22,1.243,1.711,[0.439],[]
216,2020,7,SP,1.82,1.826,1.218,2.063,1.531,1.979,[],[2.908]
217,2020,8,SP,1.404,1.327,0.191,2.498,0.846,1.739,[],[3.325]
218,2020,9,SP,1.148,1.119,0.291,2.167,0.781,1.516,[],[]
219,2020,10,SP,0.987,0.991,0.369,1.21,0.792,1.126,[],[1.886]
220,2020,11,SP,0.797,0.791,0.405,1.253,0.733,0.959,[0.344],[]
221,2020,12,SP,0.663,0.494,0.268,1.302,0.374,1.037,[],[]
222,2021,1,SP,1.067,0.662,0.259,2.107,0.341,1.311,[],"[3.041, 2.87]"
223,2021,2,SP,1.285,1.193,0.506,2.276,0.796,1.688,[],[]
224,2021,3,SP,2.015,1.757,0.698,3.63,1.11,2.739,[],[]
225,2021,4,SP,1.349,1.226,0.853,1.983,0.928,1.777,[],[]
226,2021,5,SP,1.587,1.605,1.071,2.179,1.312,1.845,[],[]
227,2021,6,SP,1.49,1.459,0.771,2.063,1.279,1.634,[],[2.441]
228,2021,7,SP,1.621,1.648,1.22,2.101,1.296,1.889,[],[]
229,2021,8,SP,1.612,1.525,1.119,2.524,1.254,1.852,[],[]
230,2021,9,SP,0.703,0.389,0.198,1.527,0.259,1.083,[],[]
231,2021,10,SP,1.275,1.463,0.532,2.349,0.716,1.684,[],[]
232,2021,11,SP,1.256,1.209,0.714,1.672,1.058,1.443,[],[2.073]
233,2021,12,SP,0.869,0.953,0.379,1.439,0.64,1.047,[],[]
234,2022,1,SP,1.075,0.831,0.509,1.666,0.723,1.134,[],[3.235]
235,2022,2,SP,0.981,0.891,0.661,1.259,0.825,1.114,[],[1.592]
236,2022,3,SP,1.487,1.337,0.627,2.608,0.964,1.976,[],[]
237,2022,4,SP,2.331,2.049,1.764,3.163,1.944,2.799,[],[]
238,2022,5,SP,1.82,1.927,0.927,2.361,1.599,2.048,[],[]
239,2022,6,SP,2.364,2.5,1.512,3.119,2.238,2.843,[0.671],[]
240,2022,7,SP,1.429,1.267,0.971,2.176,1.19,1.774,[],[]
241,2022,8,SP,2.201,1.846,1.171,2.523,1.55,2.469,[],"[4.02, 4.538]"
242,2022,9,SP,1.188,1.267,0.392,1.838,0.758,1.606,[],[]
243,2022,10,SP,1.206,1.07,0.761,1.946,0.865,1.542,[],[]
244,2022,11,SP,1.132,1.259,0.574,1.611,0.852,1.42,[],[]
245,2022,12,SP,1.053,0.949,0.357,2.28,0.62,1.352,[],[]
246,2023,1,SP,0.814,0.788,0.331,1.062,0.542,0.919,[],[1.738]
247,2023,2,SP,1.289,1.051,0.375,2.122,0.734,1.59,[],[3.012]
248,2023,3,SP,1.445,1.278,0.434,2.595,0.954,1.616,[],[3.556]
249,2023,4,SP,1.67,1.689,0.974,2.447,1.426,1.99,[],[]
250,2023,5,SP,1.463,1.484,0.647,2.388,1.168,1.703,[],[]
251,2023,6,SP,1.759,1.73,0.844,2.8,1.384,1.962,[],[]
252,2023,7,SP,1.422,1.401,1.054,1.512,1.266,1.49,[],"[1.944, 1.834]"
253,2023,8,SP,1.506,1.417,0.925,2.324,1.179,1.79,[],[]
254,2023,9,SP,1.128,0.982,0.505,1.846,0.916,1.312,[],[]
255,2002,7,PR,1.988,1.92,1.109,2.214,1.693,2.214,[],[3.004]
256,2002,8,PR,2.456,2.445,1.862,2.603,2.298,2.603,[],[3.07]
257,2002,9,PR,1.926,1.913,0.745,3.133,1.575,2.264,[],[]
258,2002,10,PR,3.845,3.845,3.845,3.845,3.845,3.845,[],[]
259,2002,11,PR,1.347,1.366,1.219,1.853,1.219,1.494,[0.803],[]
260,2002,12,PR,1.468,1.308,0.838,2.259,1.073,1.783,[],[]
261,2003,1,PR,1.145,1.275,0.38,1.65,0.931,1.49,[],[]
262,2003,2,PR,3.33,3.522,2.313,3.962,3.024,3.827,[],[]
263,2003,3,PR,2.188,2.009,0.723,4.011,1.201,2.996,[],[]
264,2003,4,PR,2.041,1.778,1.663,2.681,1.721,2.23,[],[]
265,2003,5,PR,2.095,1.999,1.255,3.127,1.737,2.357,[],[]
266,2003,6,PR,2.224,2.337,1.694,2.526,2.122,2.439,[],[]
267,2003,7,PR,2.545,2.635,1.926,2.985,2.403,2.777,[],[]
268,2003,8,PR,2.061,2.076,1.628,2.465,1.929,2.209,[],[]
269,2003,9,PR,1.894,1.924,1.583,2.143,1.824,1.993,[],[]
270,2003,10,PR,1.34,1.439,0.595,1.987,1.017,1.713,[],[]
271,2003,11,PR,1.553,1.666,1.071,1.808,1.414,1.805,[],[]
272,2003,12,PR,0.95,1.019,0.575,1.257,0.797,1.138,[],[]
273,2004,1,PR,2.25,0.913,0.761,2.369,0.793,2.369,[],[6.412]
274,2004,2,PR,2.343,2.359,1.508,3.145,2.049,2.653,[],[]
275,2004,3,PR,2.649,2.601,2.313,3.081,2.431,2.819,[],[]
276,2004,4,PR,3.109,3.442,1.953,3.932,2.697,3.687,[],[]
277,2004,5,PR,2.494,2.488,2.444,2.55,2.466,2.519,[],[]
278,2004,6,PR,2.377,2.295,2.1,2.818,2.163,2.509,[],[]
279,2004,7,PR,2.268,2.452,1.854,2.499,2.153,2.475,[],[]
280,2004,8,PR,2.187,2.113,1.781,2.669,1.947,2.391,[],[]
281,2004,9,PR,1.731,1.249,1.167,2.776,1.208,2.013,[],[]
282,2004,10,PR,1.765,1.442,1.389,2.466,1.415,1.954,[],[]
283,2004,11,PR,1.137,1.026,0.904,1.481,0.965,1.254,[],[]
284,2004,12,PR,2.002,2.428,1.84,2.911,1.84,2.59,[0.244],[]
285,2005,1,PR,1.213,1.145,0.239,2.324,0.781,1.577,[],[]
286,2005,2,PR,2.177,2.137,1.852,2.582,1.989,2.325,[],[]
287,2005,3,PR,1.921,1.957,1.365,2.406,1.504,2.374,[],[]
288,2005,4,PR,2.5,2.581,1.482,3.437,2.031,3.009,[],[]
289,2005,5,PR,1.907,1.888,0.98,2.873,1.377,2.418,[],[]
290,2005,6,PR,2.318,2.254,1.739,3.024,1.992,2.58,[],[]
291,2005,7,PR,1.989,1.944,1.322,2.746,1.511,2.422,[],[]
292,2005,8,PR,2.669,2.627,2.43,2.991,2.532,2.764,[],[]
293,2005,9,PR,2.599,2.353,0.976,4.468,1.665,3.411,[],[]
294,2005,10,PR,0.704,0.704,0.538,0.871,0.621,0.788,[],[]
295,2005,11,PR,2.142,2.289,1.086,2.906,1.908,2.523,[],[]
296,2005,12,PR,1.31,1.419,0.646,1.754,1.115,1.614,[],[]
297,2006,1,PR,1.809,1.867,1.396,2.105,1.681,1.995,[],[]
298,2006,2,PR,2.802,3.06,1.703,3.387,2.512,3.35,[],[]
299,2006,3,PR,2.207,2.405,1.387,2.63,2.059,2.553,[],[]
300,2006,4,PR,2.385,2.362,1.52,3.274,1.941,2.818,[],[]
301,2006,5,PR,1.888,1.959,1.448,2.188,1.671,2.176,[],[]
302,2006,6,PR,2.192,2.167,1.945,2.487,1.972,2.387,[],[]
303,2006,7,PR,1.971,1.955,1.785,2.189,1.868,2.059,[],[]
304,2006,8,PR,1.913,1.905,1.713,2.129,1.85,1.967,[],[]
305,2006,9,PR,1.714,1.748,1.422,1.938,1.612,1.85,[],[]
306,2006,10,PR,1.411,1.489,0.94,1.805,1.214,1.647,[],[]
307,2006,11,PR,1.599,1.618,1.067,2.113,1.342,1.866,[],[]
308,2006,12,PR,1.59,1.506,0.494,2.854,1.049,2.047,[],[]
309,2007,1,PR,2.032,2.299,1.242,2.556,1.77,2.427,[],[]
310,2007,2,PR,2.062,2.102,1.757,2.287,1.886,2.278,[],[]
311,2007,3,PR,2.426,2.523,1.851,2.808,2.165,2.785,[],[]
312,2007,4,PR,1.643,1.659,1.272,1.999,1.466,1.829,[],[]
313,2007,5,PR,2.624,2.706,1.638,3.446,2.116,3.213,[],[]
314,2007,6,PR,2.978,2.992,2.389,3.538,2.513,3.457,[],[]
315,2007,7,PR,4.402,3.92,3.028,6.74,3.364,4.959,[],[]
316,2007,8,PR,3.22,2.572,1.731,5.358,2.151,3.965,[],[]
317,2007,9,PR,1.837,1.152,0.709,3.651,0.931,2.401,[],[]
318,2007,10,PR,1.81,1.729,1.488,2.213,1.609,1.971,[],[]
319,2007,11,PR,1.962,2.122,1.637,2.127,1.879,2.125,[],[]
320,2007,12,PR,1.982,1.862,1.166,3.037,1.584,2.261,[],[]
321,2008,1,PR,1.731,1.751,1.419,2.022,1.585,1.886,[],[]
322,2008,2,PR,3.637,3.373,2.184,5.617,2.854,4.156,[],[]
323,2008,3,PR,3.332,3.363,2.242,4.361,2.519,4.176,[],[]
324,2008,4,PR,2.643,2.707,2.533,3.104,2.533,2.817,[2.053],[]
325,2008,5,PR,3.098,3.106,2.897,3.291,3.001,3.199,[],[]
326,2008,6,PR,2.142,2.18,1.888,2.318,2.038,2.284,[],[]
327,2008,7,PR,1.844,1.795,1.624,2.16,1.703,1.936,[],[]
328,2008,8,PR,2.545,2.453,2.226,3.048,2.357,2.64,[],[]
329,2008,9,PR,1.487,1.524,1.27,1.629,1.427,1.584,[],[]
330,2008,10,PR,0.963,0.914,0.204,1.771,0.559,1.342,[],[]
331,2008,11,PR,2.365,2.301,1.869,2.925,2.085,2.613,[],[]
332,2008,12,PR,2.266,2.064,1.842,3.095,1.93,2.401,[],[]
333,2009,1,PR,2.137,2.256,1.185,2.853,1.925,2.468,[],[]
334,2009,2,PR,2.8,3.216,2.499,4.19,2.499,3.517,[0.577],[]
335,2009,3,PR,3.98,4.22,1.722,5.755,3.135,5.065,[],[]
336,2009,4,PR,2.479,2.407,2.376,2.654,2.391,2.53,[],[]
337,2009,5,PR,1.827,1.9,1.492,2.09,1.696,1.995,[],[]
338,2009,6,PR,1.693,1.578,1.471,1.758,1.514,1.758,[],[2.146]
339,2009,7,PR,2.205,2.102,1.729,2.886,1.946,2.361,[],[]
340,2009,8,PR,3.273,3.208,2.451,4.223,2.854,3.627,[],[]
341,2009,9,PR,3.992,3.992,2.168,5.816,3.08,4.904,[],[]
342,2009,10,PR,2.374,2.543,1.406,3.174,1.975,2.859,[],[]
343,2009,11,PR,1.112,0.729,0.221,2.768,0.261,1.58,[],[]
344,2009,12,PR,0.968,0.91,0.275,1.777,0.458,1.421,[],[]
345,2010,1,PR,1.616,1.052,1.032,2.764,1.042,1.908,[],[]
346,2010,2,PR,2.275,2.405,1.007,3.284,1.434,3.246,[],[]
347,2010,3,PR,3.515,2.885,0.797,4.161,2.239,4.161,[],[7.492]
348,2010,4,PR,3.396,3.2,3.195,3.792,3.198,3.496,[],[]
349,2010,5,PR,3.234,2.643,1.557,3.551,2.325,3.551,[],[6.092]
350,2010,6,PR,3.175,3.009,2.531,4.149,2.769,3.416,[],[]
351,2010,7,PR,2.281,2.067,1.594,2.409,1.938,2.409,[],[3.394]
352,2010,8,PR,2.547,2.552,2.374,2.71,2.421,2.678,[],[]
353,2010,9,PR,1.225,0.972,0.812,1.32,0.876,1.32,[],[2.144]
354,2010,10,PR,1.343,1.266,1.095,1.669,1.181,1.468,[],[]
355,2010,11,PR,1.516,1.296,0.595,2.877,0.885,1.927,[],[]
356,2010,12,PR,1.562,1.665,0.86,2.058,1.298,1.928,[],[]
357,2011,1,PR,1.703,1.61,0.858,2.736,0.895,2.418,[],[]
358,2011,2,PR,3.461,3.993,1.311,4.547,3.008,4.446,[],[]
359,2011,3,PR,3.093,3.441,1.298,4.193,2.414,4.121,[],[]
360,2011,4,PR,2.108,2.077,0.858,3.388,1.467,2.733,[],[]
361,2011,5,PR,1.752,1.936,0.802,2.334,1.549,2.139,[],[]
362,2011,6,PR,1.839,1.89,1.589,1.988,1.773,1.956,[],[]
363,2011,7,PR,2.943,2.768,2.472,3.04,2.672,3.04,[],[3.766]
364,2011,8,PR,4.063,3.809,3.757,4.622,3.783,4.216,[],[]
365,2011,9,PR,3.558,3.133,2.388,5.578,2.698,3.993,[],[]
366,2011,10,PR,1.838,2.037,1.102,2.375,1.57,2.206,[],[]
367,2011,11,PR,1.621,1.588,1.425,1.882,1.501,1.707,[],[]
368,2011,12,PR,1.227,1.514,0.652,1.516,1.083,1.515,[],[]
369,2012,1,PR,1.942,1.892,1.389,2.596,1.453,2.381,[],[]
370,2012,2,PR,1.556,1.515,0.914,2.277,1.012,2.059,[],[]
371,2012,3,PR,1.777,2.003,0.464,2.638,1.523,2.258,[],[]
372,2012,4,PR,1.66,1.583,1.34,1.731,1.511,1.731,[],[2.133]
373,2012,5,PR,2.971,2.857,2.652,3.406,2.754,3.131,[],[]
374,2012,6,PR,4.303,3.956,1.968,7.331,2.288,5.97,[],[]
375,2012,7,PR,2.795,2.706,2.235,3.534,2.364,3.137,[],[]
376,2012,8,PR,2.689,2.236,1.781,2.91,2.015,2.91,[],[4.504]
377,2012,9,PR,1.629,1.64,1.234,2.012,1.437,1.826,[],[]
378,2012,10,PR,1.556,1.534,1.004,2.15,1.103,1.987,[],[]
379,2012,11,PR,1.426,1.516,1.171,1.589,1.344,1.553,[],[]
380,2012,12,PR,1.847,1.77,1.302,2.47,1.536,2.12,[],[]
381,2013,1,PR,1.414,1.435,0.486,2.298,0.992,1.857,[],[]
382,2013,2,PR,2.195,2.481,0.923,2.895,1.813,2.863,[],[]
383,2013,3,PR,3.039,3.056,2.188,3.856,2.83,3.265,[],[]
384,2013,4,PR,2.374,2.392,1.857,2.875,2.124,2.633,[],[]
385,2013,5,PR,2.282,2.293,2.175,2.368,2.243,2.332,[],[]
386,2013,6,PR,2.286,2.182,2.082,2.592,2.132,2.387,[],[]
387,2013,7,PR,3.862,3.541,2.682,5.683,2.71,4.693,[],[]
388,2013,8,PR,2.585,2.833,2.517,2.949,2.517,2.901,[1.723],[]
389,2013,9,PR,2.526,2.347,2.146,2.598,2.275,2.598,[],[3.263]
390,2013,10,PR,1.527,1.54,0.58,2.462,1.06,2.001,[],[]
391,2013,11,PR,1.543,1.7,0.242,2.529,0.948,2.295,[],[]
392,2013,12,PR,1.862,1.807,1.643,2.188,1.728,1.941,[],[]
393,2014,1,PR,1.708,1.644,0.476,3.067,1.291,2.061,[],[]
394,2014,2,PR,1.93,1.949,1.66,2.161,1.735,2.143,[],[]
395,2014,3,PR,2.649,2.738,1.675,3.446,2.367,3.02,[],[]
396,2014,4,PR,2.653,3.115,1.215,3.63,2.165,3.372,[],[]
397,2014,5,PR,2.038,2.163,1.449,2.376,1.86,2.34,[],[]
398,2014,6,PR,3.792,3.071,2.578,6.448,2.617,4.246,[],[]
399,2014,7,PR,1.984,2.091,1.246,2.509,1.837,2.239,[],[]
400,2014,8,PR,1.711,1.716,1.307,2.105,1.464,1.963,[],[]
401,2014,9,PR,1.502,1.654,1.428,1.765,1.428,1.728,[0.936],[]
402,2014,10,PR,2.088,1.927,1.362,2.974,1.644,2.45,[],[]
403,2014,11,PR,1.013,1.061,0.363,1.566,0.678,1.396,[],[]
404,2014,12,PR,0.743,0.833,0.301,1.002,0.662,0.914,[],[]
405,2015,1,PR,1.748,1.753,1.636,1.856,1.695,1.804,[],[]
406,2015,2,PR,2.988,2.936,1.939,4.141,2.372,3.552,[],[]
407,2015,3,PR,3.235,2.949,2.043,3.463,2.721,3.463,[],[4.998]
408,2015,4,PR,2.039,2.521,0.297,3.3,1.409,2.91,[],[]
409,2015,5,PR,2.472,2.357,1.856,2.614,2.214,2.614,[],[3.32]
410,2015,6,PR,4.291,4.25,2.751,5.912,3.047,5.494,[],[]
411,2015,7,PR,2.767,2.878,1.937,3.376,2.381,3.264,[],[]
412,2015,8,PR,1.904,1.91,1.636,2.159,1.774,2.04,[],[]
413,2015,9,PR,1.435,0.762,0.637,2.905,0.699,1.834,[],[]
414,2015,10,PR,1.922,1.922,1.922,1.922,1.922,1.922,[],[]
415,2015,11,PR,2.063,2.063,2.063,2.063,2.063,2.063,[],[]
416,2015,12,PR,1.008,0.966,0.373,1.686,0.67,1.326,[],[]
417,2016,1,PR,3.052,3.11,2.176,3.813,2.769,3.394,[],[]
418,2016,2,PR,2.061,2.081,1.363,2.721,1.789,2.353,[],[]
419,2016,3,PR,2.587,2.432,2.162,3.322,2.272,2.747,[],[]
420,2016,4,PR,2.413,2.307,1.939,3.101,2.107,2.613,[],[]
421,2016,5,PR,2.516,2.591,1.951,3.007,2.271,2.799,[],[]
422,2016,6,PR,6.262,7.597,3.437,7.752,5.517,7.674,[],[]
423,2016,7,PR,7.038,7.038,6.984,7.092,7.011,7.065,[],[]
424,2016,8,PR,4.195,4.15,3.581,4.898,3.701,4.644,[],[]
425,2016,9,PR,2.793,3.087,2.611,3.7,2.611,3.27,[1.299],[]
426,2016,10,PR,2.779,2.654,1.917,3.89,2.355,3.078,[],[]
427,2016,11,PR,1.938,2.478,0.515,2.821,1.497,2.65,[],[]
428,2016,12,PR,2.209,2.378,1.98,3.179,1.98,2.607,[0.9],[]
429,2017,1,PR,0.866,0.88,0.404,1.301,0.471,1.275,[],[]
430,2017,2,PR,2.961,3.326,1.59,3.6,2.741,3.545,[],[]
431,2017,3,PR,1.403,1.498,0.169,2.445,0.862,2.039,[],[]
432,2017,4,PR,1.955,2.023,1.793,2.051,1.908,2.037,[],[]
433,2017,5,PR,2.278,2.067,1.987,2.346,1.999,2.346,[],[2.993]
434,2017,6,PR,3.745,3.898,2.068,5.117,2.779,4.864,[],[]
435,2017,7,PR,2.409,2.428,2.275,2.506,2.347,2.491,[],[]
436,2017,8,PR,2.354,2.286,1.902,2.941,2.123,2.517,[],[]
437,2017,9,PR,1.845,1.863,1.465,2.189,1.61,2.098,[],[]
438,2017,10,PR,2.677,2.677,2.677,2.677,2.677,2.677,[],[]
439,2017,11,PR,1.055,1.02,0.37,1.811,0.844,1.231,[],[]
440,2017,12,PR,0.939,0.91,0.463,1.472,0.666,1.182,[],[]
441,2018,1,PR,2.415,2.414,1.363,3.467,1.592,3.237,[],[]
442,2018,2,PR,1.906,2.034,1.585,2.099,1.809,2.066,[],[]
443,2018,3,PR,1.87,1.78,1.477,2.443,1.482,2.169,[],[]
444,2018,4,PR,3.03,2.651,2.615,3.823,2.633,3.237,[],[]
445,2018,5,PR,2.829,2.668,2.371,2.96,2.536,2.96,[],[3.606]
446,2018,6,PR,2.065,2.247,1.928,2.612,1.928,2.384,[1.153],[]
447,2018,7,PR,2.97,2.827,2.426,3.801,2.592,3.205,[],[]
448,2018,8,PR,2.046,2.071,1.905,2.138,2.001,2.116,[],[]
449,2018,9,PR,1.829,1.816,1.605,2.08,1.671,1.974,[],[]
450,2018,10,PR,1.615,1.458,1.351,2.038,1.404,1.748,[],[]
451,2018,11,PR,0.827,0.629,0.527,1.524,0.528,0.929,[],[]
452,2018,12,PR,1.284,1.59,1.2,1.742,1.2,1.674,[0.214],[]
453,2019,1,PR,1.529,1.52,0.946,2.129,1.359,1.689,[],[]
454,2019,2,PR,2.715,2.779,0.992,4.308,1.899,3.594,[],[]
455,2019,3,PR,2.737,2.367,1.726,4.488,1.775,3.329,[],[]
456,2019,4,PR,2.494,2.454,2.215,2.815,2.334,2.634,[],[]
457,2019,5,PR,2.478,2.413,1.578,3.507,1.994,2.897,[],[]
458,2019,6,PR,5.168,6.054,3.089,6.362,4.571,6.208,[],[]
459,2019,7,PR,2.665,2.662,2.282,3.055,2.408,2.919,[],[]
460,2019,8,PR,1.91,2.012,1.466,2.151,1.798,2.124,[],[]
461,2019,9,PR,1.871,1.871,1.745,1.996,1.808,1.934,[],[]
462,2019,10,PR,2.083,2.101,2.032,2.117,2.066,2.109,[],[]
463,2019,11,PR,1.882,1.917,0.993,2.7,1.567,2.231,[],[]
464,2019,12,PR,1.266,1.418,0.539,1.69,1.101,1.583,[],[]
465,2020,1,PR,1.101,1.064,0.558,1.716,0.768,1.397,[],[]
466,2020,2,PR,1.584,1.354,0.519,2.878,0.936,2.116,[],[]
467,2020,3,PR,2.27,2.257,1.966,2.602,1.98,2.548,[],[]
468,2020,4,PR,1.875,1.883,1.72,2.013,1.795,1.963,[],[]
469,2020,5,PR,1.957,1.984,1.804,2.084,1.894,2.034,[],[]
470,2020,6,PR,2.956,2.2,1.992,3.104,2.053,3.104,[],[5.434]
471,2020,7,PR,1.745,1.756,1.505,1.965,1.569,1.932,[],[]
472,2020,8,PR,3.033,2.412,1.776,4.912,2.094,3.662,[],[]
473,2020,9,PR,1.222,1.255,0.662,1.749,0.959,1.502,[],[]
474,2020,10,PR,1.574,1.58,1.341,1.792,1.412,1.742,[],[]
475,2020,11,PR,1.317,1.3,1.011,1.641,1.156,1.471,[],[]
476,2020,12,PR,2.312,2.359,1.634,2.943,1.996,2.651,[],[]
477,2021,1,PR,1.716,2.177,0.532,2.44,1.355,2.308,[],[]
478,2021,2,PR,3.004,2.953,1.482,4.627,2.243,3.714,[],[]
479,2021,3,PR,3.551,3.496,2.82,4.391,3.151,3.896,[],[]
480,2021,4,PR,2.254,2.241,1.636,2.886,1.939,2.564,[],[]
481,2021,5,PR,2.28,2.261,1.757,2.84,1.799,2.742,[],[]
482,2021,6,PR,2.127,2.448,2.084,2.559,2.084,2.491,[1.052],[]
483,2021,7,PR,2.437,2.374,1.973,3.026,2.157,2.654,[],[]
484,2021,8,PR,1.844,1.981,1.391,2.16,1.686,2.071,[],[]
485,2021,9,PR,1.661,1.661,1.645,1.677,1.653,1.669,[],[]
486,2021,10,PR,1.719,1.524,1.173,2.459,1.348,1.991,[],[]
487,2021,11,PR,1.802,1.882,1.27,2.173,1.543,2.141,[],[]
488,2021,12,PR,1.18,1.273,0.752,1.424,1.09,1.363,[],[]
489,2022,1,PR,2.547,2.274,2.07,2.658,2.163,2.658,[],[3.571]
490,2022,2,PR,2.24,1.967,1.499,3.526,1.732,2.475,[],[]
491,2022,3,PR,2.141,2.194,1.832,2.346,2.055,2.28,[],[]
492,2022,4,PR,2.833,2.833,2.74,2.927,2.786,2.88,[],[]
493,2022,5,PR,3.007,2.911,2.483,3.723,2.53,3.388,[],[]
494,2022,6,PR,5.071,5.04,4.879,5.296,4.959,5.168,[],[]
495,2022,7,PR,2.908,3.011,2.199,3.411,2.571,3.348,[],[]
496,2022,8,PR,3.164,3.044,1.894,4.675,2.149,4.059,[],[]
497,2022,9,PR,2.2,2.171,1.682,2.774,1.96,2.41,[],[]
498,2022,10,PR,2.141,2.034,1.891,2.497,1.963,2.265,[],[]
499,2022,11,PR,2.73,2.567,1.982,3.803,2.216,3.081,[],[]
500,2022,12,PR,3.212,3.359,1.756,4.373,2.402,4.17,[],[]
501,2023,1,PR,2.329,2.524,1.19,3.078,2.099,2.754,[],[]
502,2023,2,PR,2.687,2.807,1.809,3.325,2.214,3.281,[],[]
503,2023,3,PR,4.174,3.481,2.399,7.333,2.676,4.98,[],[]
504,2023,4,PR,2.658,2.824,1.571,3.58,2.197,3.202,[],[]
505,2023,5,PR,2.905,2.535,1.431,5.117,1.964,3.476,[],[]
506,2023,6,PR,2.812,2.882,2.037,3.446,2.562,3.132,[],[]
507,2023,7,PR,2.414,2.405,2.279,2.568,2.328,2.49,[],[]
508,2023,8,PR,2.36,2.459,1.745,2.776,2.11,2.709,[],[]
509,2023,9,PR,2.878,2.678,1.742,4.214,2.21,3.446,[],[]
510,2002,7,SC,3.393,3.28,2.378,3.958,2.627,3.533,[],[6.667]
511,2002,8,SC,3.189,2.916,2.182,4.101,2.483,3.497,[],[5.524]
512,2002,9,SC,2.518,2.528,1.537,2.925,2.157,2.828,[],[4.135]
513,2002,10,SC,1.48,1.46,1.021,2.036,1.077,1.808,[],[]
514,2002,11,SC,1.681,1.38,0.858,3.237,1.094,2.232,[],[]
515,2002,12,SC,1.255,1.084,0.243,2.879,0.817,1.642,[],[]
516,2003,1,SC,0.802,0.627,0.477,1.182,0.509,0.97,[],[1.906]
517,2003,2,SC,1.409,1.081,0.379,3.37,0.637,1.804,[],[]
518,2003,3,SC,1.437,1.299,0.524,2.384,0.821,2.291,[],[]
519,2003,4,SC,1.797,1.788,1.358,2.304,1.552,1.982,[],[]
520,2003,5,SC,2.236,2.338,1.634,2.733,1.955,2.564,[],[]
521,2003,6,SC,3.142,3.103,1.465,5.489,2.089,4.001,[],[]
522,2003,7,SC,3.479,3.527,2.781,4.181,3.091,3.744,[],[]
523,2003,8,SC,2.978,2.907,2.558,3.59,2.688,3.107,[],[3.786]
524,2003,9,SC,2.147,2.067,1.176,3.253,1.676,2.757,[],[]
525,2003,10,SC,1.432,1.671,0.185,2.566,0.89,1.966,[],[]
526,2003,11,SC,1.074,1.01,0.46,1.926,0.752,1.309,[],[]
527,2003,12,SC,0.955,0.876,0.299,1.039,0.622,1.012,[],"[2.081, 1.716]"
528,2004,1,SC,1.198,1.061,0.51,2.272,0.661,1.338,[],[2.917]
529,2004,2,SC,1.276,1.058,0.544,2.165,0.828,1.596,[],[2.955]
530,2004,3,SC,1.191,1.04,0.518,1.692,0.787,1.276,[],"[2.125, 2.521]"
531,2004,4,SC,1.667,1.379,0.798,3.177,1.108,2.181,[],[]
532,2004,5,SC,2.536,2.388,1.641,3.965,1.898,2.815,[],[]
533,2004,6,SC,2.179,2.179,1.13,3.392,1.577,2.547,[],[]
534,2004,7,SC,2.025,1.911,1.426,2.593,1.656,2.209,[],[3.249]
535,2004,8,SC,1.5,1.431,0.925,2.166,1.198,1.891,[],[]
536,2004,9,SC,1.594,1.482,1.013,2.78,1.333,1.944,[0.273],[]
537,2004,10,SC,1.684,1.594,0.677,3.357,1.231,2.093,[],[]
538,2004,11,SC,1.174,1.359,0.432,2.02,0.462,1.735,[],[]
539,2004,12,SC,1.082,0.798,0.267,2.083,0.708,1.436,[],[2.533]
540,2005,1,SC,1.138,1.069,0.653,1.602,0.862,1.276,[],[2.151]
541,2005,2,SC,1.123,0.852,0.45,2.038,0.615,1.623,[],[]
542,2005,3,SC,1.241,1.123,0.414,2.328,0.762,1.47,[],[2.803]
543,2005,4,SC,1.511,1.5,0.932,2.421,1.101,1.939,[],[]
544,2005,5,SC,2.077,1.862,1.249,2.62,1.594,2.251,[],[4.497]
545,2005,6,SC,1.875,1.679,0.912,3.079,1.377,2.41,[],[]
546,2005,7,SC,2.337,2.266,1.733,2.551,1.925,2.429,[],[4.468]
547,2005,8,SC,2.78,2.619,1.38,3.609,2.326,3.188,[],[4.716]
548,2005,9,SC,2.32,2.253,1.928,3.076,2.112,2.766,"[0.939, 0.893]",[4.221]
549,2005,10,SC,1.258,1.338,0.758,2.049,1.139,1.515,[0.128],[]
550,2005,11,SC,1.897,1.673,0.875,3.049,1.375,2.487,[],[]
551,2005,12,SC,1.028,0.798,0.403,2.068,0.511,1.329,[],[]
552,2006,1,SC,1.854,1.759,0.457,3.057,0.914,2.058,[],[6.156]
553,2006,2,SC,1.449,0.724,0.394,2.337,0.525,1.724,[],[6.63]
554,2006,3,SC,1.09,0.887,0.383,1.678,0.492,1.245,[],"[2.463, 2.592]"
555,2006,4,SC,1.627,1.641,0.842,1.71,1.356,1.71,[0.578],"[2.879, 2.356]"
556,2006,5,SC,1.782,1.63,1.488,2.34,1.581,2.063,[],[]
557,2006,6,SC,2.03,2.067,1.452,2.484,1.739,2.312,[],[]
558,2006,7,SC,2.176,2.151,1.382,3.174,1.735,2.559,[],[]
559,2006,8,SC,2.588,2.554,1.737,3.157,2.378,2.825,[1.299],"[3.723, 3.548]"
560,2006,9,SC,1.78,1.725,1.328,2.566,1.593,2.034,[0.763],[]
561,2006,10,SC,1.423,1.325,0.645,2.19,1.146,1.875,[],[]
562,2006,11,SC,1.743,1.451,0.36,2.65,0.801,2.14,[],[5.462]
563,2006,12,SC,1.649,1.402,0.606,3.384,0.872,2.333,[],[]
564,2007,1,SC,0.874,0.774,0.405,1.667,0.492,1.178,[],[]
565,2007,2,SC,0.952,0.864,0.242,2.14,0.54,1.336,[],[]
566,2007,3,SC,1.545,1.363,0.415,2.865,0.904,2.3,[],[]
567,2007,4,SC,1.567,1.606,0.641,2.197,1.304,2.022,[],[]
568,2007,5,SC,2.366,2.155,1.157,3.829,1.841,2.694,[],[4.356]
569,2007,6,SC,4.39,3.833,2.539,7.441,2.978,5.42,[],[]
570,2007,7,SC,6.325,6.095,5.195,7.915,5.234,7.186,[],[]
571,2007,8,SC,4.227,3.903,1.222,7.593,3.282,5.063,[],[]
572,2007,9,SC,2.876,2.605,1.725,3.651,2.434,3.046,[],[5.482]
573,2007,10,SC,1.701,1.244,0.595,3.408,0.87,2.742,[],[]
574,2007,11,SC,1.546,1.106,0.526,1.808,0.991,1.595,[],"[4.636, 2.523]"
575,2007,12,SC,0.992,0.599,0.308,2.398,0.426,1.631,[],[]
576,2008,1,SC,0.898,0.82,0.33,0.922,0.641,0.892,[],"[2.241, 1.488]"
577,2008,2,SC,2.591,2.513,0.747,5.066,1.155,3.209,[],[6.364]
578,2008,3,SC,2.123,1.956,0.571,4.51,1.114,2.911,[],[]
579,2008,4,SC,2.27,2.092,0.764,3.787,1.436,2.607,[],[4.914]
580,2008,5,SC,2.524,2.378,1.524,3.474,2.003,2.672,[],[4.252]
581,2008,6,SC,2.488,2.55,1.914,3.29,2.295,2.761,[1.482],[]
582,2008,7,SC,2.045,2.075,1.112,3.315,1.4,2.411,[],[]
583,2008,8,SC,1.892,1.934,0.652,2.802,1.603,2.395,[],[]
584,2008,9,SC,1.917,1.782,1.565,2.03,1.654,1.948,[1.187],"[2.931, 2.878]"
585,2008,10,SC,1.494,1.282,0.915,2.199,1.179,1.659,[],[2.67]
586,2008,11,SC,1.804,1.717,0.414,2.946,0.707,2.268,[],[4.659]
587,2008,12,SC,1.614,1.539,0.378,2.999,1.124,2.036,[],[]
588,2009,1,SC,2.29,2.215,1.014,4.251,1.452,3.04,[],[]
589,2009,2,SC,1.871,1.556,0.446,3.278,0.975,2.998,[],[]
590,2009,3,SC,1.65,1.159,0.484,3.549,0.677,2.8,[],[]
591,2009,4,SC,1.895,1.539,0.899,3.893,1.292,2.507,[],[]
592,2009,5,SC,1.849,1.74,1.276,2.963,1.342,2.168,[],[]
593,2009,6,SC,2.261,2.21,1.738,2.811,1.973,2.345,[],[3.09]
594,2009,7,SC,2.207,2.128,1.578,2.465,1.787,2.341,[],"[3.285, 3.448]"
595,2009,8,SC,2.385,2.237,1.281,3.271,1.897,2.741,[],[4.429]
596,2009,9,SC,1.603,1.545,0.305,2.545,1.084,1.948,[],[3.282]
597,2009,10,SC,2.195,1.646,1.016,3.892,1.478,3.381,[],[]
598,2009,11,SC,1.33,0.893,0.17,2.693,0.475,1.641,[],[4.747]
599,2009,12,SC,1.244,1.302,0.397,2.279,0.836,1.463,[],[]
600,2010,1,SC,1.187,0.562,0.379,2.883,0.458,2.058,[],[]
601,2010,2,SC,1.707,1.364,0.375,3.742,0.971,2.203,[],[4.226]
602,2010,3,SC,2.067,1.772,0.669,3.048,1.317,2.465,[],"[4.194, 4.272]"
603,2010,4,SC,2.664,2.221,1.443,4.677,1.813,3.479,[],[]
604,2010,5,SC,2.19,1.486,1.007,3.522,1.418,2.525,[],[6.206]
605,2010,6,SC,2.487,2.338,1.35,4.411,1.604,3.124,[],[]
606,2010,7,SC,2.146,2.121,1.411,2.69,1.92,2.451,[],[]
607,2010,8,SC,2.451,2.464,1.794,3.032,2.108,2.813,[],[]
608,2010,9,SC,1.818,1.853,0.843,2.66,1.504,2.227,[],[]
609,2010,10,SC,1.339,1.317,0.785,2.395,0.98,1.605,[],[]
610,2010,11,SC,1.216,0.915,0.491,2.353,0.609,1.376,[],[3.152]
611,2010,12,SC,1.232,0.863,0.259,1.988,0.591,1.27,[],"[4.254, 2.509]"
612,2011,1,SC,1.349,1.281,0.49,1.862,0.778,1.772,[],[3.267]
613,2011,2,SC,1.562,1.039,0.479,4.194,0.967,2.328,[],[]
614,2011,3,SC,1.973,1.397,0.607,3.398,0.98,2.158,[],"[5.135, 4.735]"
615,2011,4,SC,1.451,1.419,0.574,3.269,0.683,2.109,[],[]
616,2011,5,SC,1.774,1.482,0.853,3.088,1.175,2.633,[],[]
617,2011,6,SC,2.071,2.116,1.475,3.075,1.86,2.405,[0.613],[]
618,2011,7,SC,3.902,3.652,2.124,6.703,2.896,4.792,[],[]
619,2011,8,SC,3.363,2.862,2.071,6.537,2.218,4.395,[],[]
620,2011,9,SC,2.5,2.192,1.217,3.55,1.668,2.725,[],[5.606]
621,2011,10,SC,1.976,2.058,0.789,3.121,1.49,2.522,[],[]
622,2011,11,SC,1.451,1.147,0.588,2.599,1.013,1.996,[],[]
623,2011,12,SC,1.064,0.888,0.424,2.094,0.628,1.501,[],[]
624,2012,1,SC,1.697,1.402,0.569,2.165,1.161,1.933,[],"[3.357, 3.615]"
625,2012,2,SC,1.688,1.655,0.438,2.745,0.904,2.503,[],[]
626,2012,3,SC,1.689,1.568,0.763,2.644,1.104,2.352,[],[]
627,2012,4,SC,1.313,1.164,0.562,2.48,0.849,1.889,[],[]
628,2012,5,SC,1.841,1.228,0.843,4.376,1.077,2.458,[],[]
629,2012,6,SC,2.801,2.494,1.287,4.713,1.817,3.181,[],[6.287]
630,2012,7,SC,3.064,2.963,1.835,4.595,2.501,3.651,[],[]
631,2012,8,SC,3.084,2.53,1.494,5.146,2.08,3.352,[],[6.83]
632,2012,9,SC,2.379,2.128,0.534,3.889,1.307,2.68,[],[6.414]
633,2012,10,SC,1.973,1.329,0.643,3.205,0.992,2.229,[],[5.921]
634,2012,11,SC,1.568,1.662,0.594,2.188,1.257,1.95,[],[]
635,2012,12,SC,0.965,0.729,0.266,2.041,0.474,1.423,[],[]
636,2013,1,SC,1.03,0.988,0.412,2.037,0.695,1.29,[],[]
637,2013,2,SC,1.537,0.933,0.359,3.105,0.578,1.716,[],"[4.127, 4.316]"
638,2013,3,SC,2.024,1.643,0.37,3.447,1.264,2.577,[],[4.962]
639,2013,4,SC,1.676,1.579,0.628,3.765,0.96,2.349,[],[]
640,2013,5,SC,2.173,2.404,1.141,3.328,1.332,2.764,[],[]
641,2013,6,SC,2.489,2.378,1.35,3.42,2.014,2.645,[],[4.499]
642,2013,7,SC,3.933,3.765,2.409,5.033,3.146,4.41,[],[6.599]
643,2013,8,SC,3.83,3.667,2.656,4.671,3.315,4.243,[],[6.265]
644,2013,9,SC,3.332,3.299,1.418,5.53,2.556,3.87,[],[]
645,2013,10,SC,1.907,1.795,1.172,2.223,1.638,2.09,[],[3.073]
646,2013,11,SC,1.703,1.759,0.329,3.237,1.124,2.25,[],[]
647,2013,12,SC,1.073,0.884,0.348,2.07,0.486,1.649,[],[]
648,2014,1,SC,1.409,1.051,0.336,2.858,0.484,1.826,[],[4.203]
649,2014,2,SC,1.474,1.751,0.51,2.702,0.976,1.808,[],[]
650,2014,3,SC,1.702,1.331,0.532,3.562,0.978,2.247,[],[]
651,2014,4,SC,1.403,1.214,0.718,2.491,0.996,1.704,[],[]
652,2014,5,SC,1.997,1.721,0.747,3.016,1.142,2.48,[],[4.965]
653,2014,6,SC,2.863,2.67,1.675,4.695,1.804,3.809,[],[]
654,2014,7,SC,2.687,2.192,1.289,3.115,2.015,2.733,[],[7.596]
655,2014,8,SC,2.591,2.431,1.858,4.423,2.009,2.994,[],[]
656,2014,9,SC,2.157,1.776,0.857,3.995,1.399,2.592,[],[4.555]
657,2014,10,SC,2.185,2.067,1.247,3.882,1.574,2.764,[],[]
658,2014,11,SC,1.252,1.037,0.674,1.875,0.898,1.495,[],[2.463]
659,2014,12,SC,1.41,1.502,0.282,2.762,0.968,1.72,[],[]
660,2015,1,SC,1.256,0.959,0.497,1.874,0.709,1.421,[],"[3.126, 2.568]"
661,2015,2,SC,1.942,1.646,0.631,2.882,0.911,2.457,[],[5.539]
662,2015,3,SC,1.611,1.13,0.654,2.977,0.767,1.976,[],[4.935]
663,2015,4,SC,1.591,1.076,0.613,1.186,0.805,1.186,[],"[3.261, 4.523]"
664,2015,5,SC,2.183,2.003,0.888,2.784,1.805,2.461,[],[4.614]
665,2015,6,SC,3.299,2.504,1.475,6.43,2.211,4.014,[],[6.797]
666,2015,7,SC,3.128,3.32,1.82,5.175,2.135,3.858,[],[]
667,2015,8,SC,2.173,2.177,1.51,2.807,1.867,2.489,[],[]
668,2015,9,SC,2.591,2.289,1.511,4.152,1.933,3.011,[],[]
669,2015,10,SC,1.052,0.713,0.574,2.181,0.649,1.457,[],[]
670,2015,11,SC,1.418,0.993,0.335,2.868,0.449,1.689,[],[4.683]
671,2015,12,SC,0.777,0.513,0.29,1.45,0.394,1.055,[],[2.047]
672,2016,1,SC,2.13,1.29,0.608,4.759,0.924,3.327,[],[]
673,2016,2,SC,1.44,1.023,0.614,3.509,0.66,2.003,[],[]
674,2016,3,SC,2.131,1.383,0.823,4.413,0.98,3.67,[],[]
675,2016,4,SC,2.294,2.103,0.501,4.865,1.609,3.23,[],[]
676,2016,5,SC,3.958,4.323,3.176,5.746,3.428,4.911,[0.961],[]
677,2016,6,SC,6.941,6.934,6.375,7.523,6.607,7.268,[],[]
678,2016,7,SC,5.912,5.57,4.374,7.936,5.049,6.703,[],[]
679,2016,8,SC,4.829,5.394,3.641,6.443,4.499,5.703,[1.129],[]
680,2016,9,SC,3.658,4.175,1.124,5.635,2.887,4.635,[],[]
681,2016,10,SC,2.113,1.74,0.831,2.57,1.577,2.551,[],[5.263]
682,2016,11,SC,1.703,1.407,0.596,3.14,1.083,2.154,[],[]
683,2016,12,SC,1.235,0.859,0.587,2.63,0.682,1.539,[],[]
684,2017,1,SC,1.071,0.696,0.421,2.293,0.6,1.517,[],[]
685,2017,2,SC,1.672,1.381,0.375,3.244,0.961,2.476,[],[]
686,2017,3,SC,1.469,1.317,0.973,2.327,1.092,1.753,[],[]
687,2017,4,SC,1.729,1.542,0.971,2.639,1.388,2.256,[],[]
688,2017,5,SC,1.651,1.463,0.513,2.548,1.053,2.099,[],[3.675]
689,2017,6,SC,3.184,2.678,1.313,3.813,2.245,3.393,[],"[6.516, 6.27]"
690,2017,7,SC,2.1,1.831,1.558,3.106,1.733,2.678,[],[]
691,2017,8,SC,2.131,2.111,1.491,2.807,1.843,2.447,[],[]
692,2017,9,SC,2.135,2.093,1.674,2.721,1.863,2.445,[],[]
693,2017,10,SC,1.343,1.403,0.373,2.396,0.909,1.556,[],[]
694,2017,11,SC,1.517,1.343,0.889,2.481,1.016,1.764,[],[2.946]
695,2017,12,SC,1.173,1.099,0.693,2.028,0.939,1.377,[],[]
696,2018,1,SC,1.399,0.852,0.345,3.041,0.49,1.894,[],[4.312]
697,2018,2,SC,0.925,0.677,0.328,1.823,0.443,1.09,[],[2.371]
698,2018,3,SC,1.377,1.115,0.665,2.121,0.796,1.644,[],[3.36]
699,2018,4,SC,1.798,1.554,0.602,3.562,0.857,2.675,[],[]
700,2018,5,SC,1.771,1.483,0.802,3.295,1.274,2.207,[],[]
701,2018,6,SC,3.015,2.6,1.199,4.504,2.333,4.002,[],[]
702,2018,7,SC,5.174,5.029,2.175,7.924,4.078,6.647,[],[]
703,2018,8,SC,2.819,2.831,2.308,3.226,2.622,3.058,[],[]
704,2018,9,SC,2.001,1.759,0.548,2.683,1.55,2.509,[],[4.34]
705,2018,10,SC,1.559,1.306,0.506,3.621,0.903,2.041,[],[]
706,2018,11,SC,1.709,1.64,0.301,3.281,1.153,2.162,[],[]
707,2018,12,SC,1.091,0.995,0.287,2.225,0.754,1.42,[],[]
708,2019,1,SC,1.072,0.788,0.398,2.012,0.571,1.633,[],[]
709,2019,2,SC,1.23,0.807,0.249,2.424,0.626,1.373,[],"[3.183, 2.819]"
710,2019,3,SC,1.632,1.357,0.735,3.37,0.979,2.204,[],[]
711,2019,4,SC,1.817,1.82,0.957,3.378,1.074,2.1,[],[]
712,2019,5,SC,1.796,1.81,1.33,2.364,1.47,2.061,[],[]
713,2019,6,SC,3.428,2.729,1.132,6.94,2.103,4.342,[],[]
714,2019,7,SC,3.286,3.143,2.434,4.134,2.799,3.476,[],[5.071]
715,2019,8,SC,3.323,2.739,2.142,3.894,2.336,3.124,[],"[5.367, 7.753]"
716,2019,9,SC,2.244,1.778,0.662,2.991,1.533,2.638,[],[5.378]
717,2019,10,SC,1.759,1.625,0.585,3.347,1.346,2.153,[],[]
718,2019,11,SC,2.25,2.15,1.394,3.138,1.665,2.441,[],[4.258]
719,2019,12,SC,1.568,1.511,0.566,2.736,1.075,2.059,[],[]
720,2020,1,SC,1.134,1.002,0.411,2.191,0.752,1.422,[],[]
721,2020,2,SC,1.399,1.024,0.413,1.226,0.816,1.207,[],"[4.669, 2.886]"
722,2020,3,SC,1.582,1.262,0.768,2.77,0.945,2.383,[],[]
723,2020,4,SC,1.795,1.81,0.672,2.453,1.537,2.145,[],[]
724,2020,5,SC,2.03,1.928,1.217,2.875,1.756,2.457,[],[]
725,2020,6,SC,2.601,2.272,1.799,3.27,1.958,2.591,[],[6.154]
726,2020,7,SC,3.009,2.68,2.276,3.974,2.543,3.268,[],[4.929]
727,2020,8,SC,2.084,2.256,0.657,3.67,1.632,2.451,[],[]
728,2020,9,SC,2.062,1.943,1.195,3.401,1.644,2.37,[],[]
729,2020,10,SC,1.377,1.46,0.397,2.218,1.058,1.621,[],[]
730,2020,11,SC,0.973,0.852,0.422,1.82,0.609,1.3,[],[]
731,2020,12,SC,1.218,0.773,0.514,1.642,0.602,1.405,[],"[3.289, 2.833]"
732,2021,1,SC,1.067,0.742,0.373,0.935,0.586,0.91,[],"[2.952, 2.462]"
733,2021,2,SC,1.631,1.147,0.427,3.281,0.809,2.082,[],[4.572]
734,2021,3,SC,1.534,1.128,0.417,3.445,0.958,2.119,[],[]
735,2021,4,SC,1.56,1.604,0.469,2.471,1.122,1.7,[],[3.181]
736,2021,5,SC,2.09,1.739,1.267,3.694,1.473,2.824,[],[]
737,2021,6,SC,2.424,2.099,1.233,3.038,1.696,2.574,[],"[5.301, 4.106]"
738,2021,7,SC,2.969,2.615,1.809,3.702,2.411,3.185,[],[6.25]
739,2021,8,SC,2.168,1.895,0.777,2.247,1.542,2.208,[],[5.964]
740,2021,9,SC,1.405,1.325,0.396,3.102,0.705,1.902,[],[]
741,2021,10,SC,1.555,1.266,0.853,2.682,1.102,1.998,[],[]
742,2021,11,SC,1.732,1.593,0.899,2.784,1.104,2.289,[],[]
743,2021,12,SC,1.073,1.044,0.189,2.113,0.696,1.408,[],[]
744,2022,1,SC,1.611,1.521,0.45,2.891,1.075,2.097,[],[]
745,2022,2,SC,1.539,1.317,0.239,3.396,0.629,2.419,[],[]
746,2022,3,SC,1.832,1.747,0.435,3.742,1.196,2.23,[],[]
747,2022,4,SC,2.126,1.791,1.538,3.209,1.594,2.622,[],[]
748,2022,5,SC,3.121,2.63,1.551,4.867,1.843,3.746,[],[6.691]
749,2022,6,SC,4.182,3.493,3.064,6.061,3.178,5.24,[],[]
750,2022,7,SC,3.343,3.276,2.047,4.633,2.575,4.224,[],[]
751,2022,8,SC,3.086,2.991,1.629,4.701,2.381,3.765,[],[]
752,2022,9,SC,2.799,2.492,1.605,3.72,1.863,2.953,[],[6.978]
753,2022,10,SC,1.877,1.539,0.806,1.946,1.314,1.946,[],"[3.427, 3.345]"
754,2022,11,SC,1.601,1.398,0.508,2.21,1.105,2.098,[],[3.819]
755,2022,12,SC,2.067,1.663,0.771,3.708,0.966,2.61,[],[5.6]
756,2023,1,SC,1.633,0.987,0.527,3.627,0.775,2.611,[],[]
757,2023,2,SC,1.758,0.928,0.404,4.51,0.785,2.852,[],[]
758,2023,3,SC,2.036,1.355,0.69,5.168,1.026,3.22,[],[]
759,2023,4,SC,1.843,1.576,0.61,3.787,1.147,2.637,[],[]
760,2023,5,SC,2.251,2.025,0.878,3.925,1.616,2.795,[],[]
761,2023,6,SC,2.817,2.613,1.209,4.506,2.089,3.364,[],[5.326]
762,2023,7,SC,2.899,2.487,1.43,4.882,2.063,3.364,[],[5.432]
763,2023,8,SC,2.02,2.017,1.323,2.978,1.644,2.279,[],[]
764,2023,9,SC,1.877,1.78,1.388,2.502,1.667,2.076,[],[]
765,2002,7,APA,3.789,3.055,2.378,4.127,2.718,4.127,[],[6.667]
766,2002,8,APA,3.106,2.969,2.383,4.101,2.533,3.542,[],[]
767,2002,9,APA,2.075,2.11,1.684,2.398,1.932,2.253,[],[]
768,2002,10,APA,1.021,1.021,1.021,1.021,1.021,1.021,[],[]
769,2002,11,APA,1.419,1.265,0.983,2.163,1.031,1.653,[],[]
770,2002,12,APA,1.362,1.221,0.932,2.075,0.941,1.642,[],[]
771,2003,1,APA,0.593,0.581,0.502,0.708,0.512,0.662,[],[]
772,2003,2,APA,1.016,1.071,0.587,1.333,0.843,1.243,[],[]
773,2003,3,APA,1.136,1.141,0.825,1.439,1.008,1.27,[],[]
774,2003,4,APA,1.774,1.788,1.552,1.982,1.67,1.885,[],[]
775,2003,5,APA,2.049,2.014,1.636,2.533,1.674,2.389,[],[]
776,2003,6,APA,3.708,3.718,1.907,5.489,2.597,4.829,[],[]
777,2003,7,APA,3.367,3.279,2.925,3.987,3.058,3.588,[],[]
778,2003,8,APA,2.803,2.839,2.607,2.925,2.744,2.898,[],[]
779,2003,9,APA,1.881,1.784,1.176,2.779,1.321,2.344,[],[]
780,2003,10,APA,1.076,1.267,0.185,1.775,0.726,1.521,[],[]
781,2003,11,APA,0.833,0.731,0.671,0.879,0.685,0.879,[],[1.198]
782,2003,12,APA,0.651,0.634,0.299,1.039,0.337,0.948,[],[]
783,2004,1,APA,1.18,0.962,0.523,2.272,0.636,1.506,[],[]
784,2004,2,APA,1.108,0.986,0.87,1.589,0.878,1.217,[],[]
785,2004,3,APA,0.971,0.968,0.812,1.137,0.923,1.015,[],[]
786,2004,4,APA,1.229,1.192,0.798,1.736,0.921,1.5,[],[]
787,2004,5,APA,2.537,1.898,1.749,3.965,1.823,2.931,[],[]
788,2004,6,APA,2.229,2.291,1.59,2.746,1.974,2.547,[],[]
789,2004,7,APA,1.838,1.7,1.663,1.854,1.684,1.854,[],[2.288]
790,2004,8,APA,1.249,1.257,1.014,1.47,1.072,1.434,[],[]
791,2004,9,APA,1.356,1.294,1.013,1.826,1.154,1.496,[],[]
792,2004,10,APA,1.355,1.368,0.814,1.871,1.164,1.56,[],[]
793,2004,11,APA,0.759,0.462,0.456,1.359,0.459,0.911,[],[]
794,2004,12,APA,0.737,0.713,0.283,1.24,0.519,0.931,[],[]
795,2005,1,APA,1.116,1.043,0.774,1.602,0.891,1.268,[],[]
796,2005,2,APA,0.72,0.655,0.551,0.769,0.607,0.769,[],[1.019]
797,2005,3,APA,0.842,0.76,0.414,0.931,0.67,0.931,[],[1.433]
798,2005,4,APA,1.317,1.5,0.946,1.504,1.223,1.502,[],[]
799,2005,5,APA,1.892,1.759,1.611,2.438,1.627,2.025,[],[]
800,2005,6,APA,1.453,1.558,0.912,1.784,1.255,1.756,[],[]
801,2005,7,APA,2.089,2.098,1.769,2.39,1.925,2.261,[],[]
802,2005,8,APA,2.304,2.466,2.152,2.904,2.152,2.619,[1.38],[]
803,2005,9,APA,1.946,2.051,0.939,2.744,1.681,2.316,[],[]
804,2005,10,APA,0.994,1.338,0.128,1.515,0.733,1.426,[],[]
805,2005,11,APA,1.731,1.673,1.258,2.32,1.467,1.937,[],[]
806,2005,12,APA,0.864,0.931,0.46,1.135,0.703,1.092,[],[]
807,2006,1,APA,1.597,1.422,0.487,3.057,0.926,2.094,[],[]
808,2006,2,APA,0.627,0.555,0.494,0.657,0.525,0.657,[],[0.903]
809,2006,3,APA,0.768,0.763,0.444,1.101,0.492,1.039,[],[]
810,2006,4,APA,1.397,1.641,0.842,1.71,1.241,1.675,[],[]
811,2006,5,APA,1.716,1.578,1.518,1.767,1.527,1.767,[],[2.189]
812,2006,6,APA,1.932,1.885,1.661,2.297,1.739,2.077,[],[]
813,2006,7,APA,2.079,2.19,1.412,2.525,1.818,2.452,[],[]
814,2006,8,APA,2.411,2.398,1.299,3.548,2.116,2.693,[],[]
815,2006,9,APA,1.511,1.559,0.763,2.164,1.309,1.761,[],[]
816,2006,10,APA,1.001,1.146,0.664,1.195,0.905,1.17,[],[]
817,2006,11,APA,1.558,1.353,0.671,2.65,1.012,2.001,[],[]
818,2006,12,APA,1.313,0.891,0.606,1.386,0.818,1.386,[],[2.863]
819,2007,1,APA,0.717,0.645,0.41,1.169,0.452,0.91,[],[]
820,2007,2,APA,0.618,0.641,0.29,0.901,0.403,0.856,[],[]
821,2007,3,APA,1.366,1.363,1.22,1.519,1.235,1.494,[],[]
822,2007,4,APA,1.702,1.606,1.304,2.197,1.455,1.902,[],[]
823,2007,5,APA,2.379,2.103,1.982,2.468,2.015,2.468,[],[3.329]
824,2007,6,APA,4.562,4.134,2.539,7.441,2.92,5.776,[],[]
825,2007,7,APA,5.246,5.246,5.246,5.246,5.246,5.246,[],[]
826,2007,8,APA,4.129,4.282,2.992,4.96,3.675,4.736,[],[]
827,2007,9,APA,2.246,2.38,1.725,2.501,2.158,2.467,[],[]
828,2007,10,APA,1.189,0.996,0.617,1.953,0.806,1.474,[],[]
829,2007,11,APA,0.923,0.991,0.892,1.032,0.892,1.022,[0.68],[]
830,2007,12,APA,0.559,0.533,0.452,0.583,0.509,0.583,[],[0.719]
831,2008,1,APA,0.805,0.82,0.656,0.922,0.746,0.879,[],[]
832,2008,2,APA,1.903,1.826,0.923,3.036,1.148,2.581,[],[]
833,2008,3,APA,2.073,1.936,1.05,3.37,1.336,2.673,[],[]
834,2008,4,APA,1.941,2.039,1.3,2.386,1.739,2.241,[],[]
835,2008,5,APA,2.158,2.092,2.003,2.378,2.048,2.235,[],[]
836,2008,6,APA,2.509,2.447,2.417,2.539,2.418,2.539,[],[2.725]
837,2008,7,APA,1.786,1.843,1.112,2.344,1.31,2.319,[],[]
838,2008,8,APA,1.546,1.639,1.423,2.052,1.423,1.763,[0.852],[]
839,2008,9,APA,1.822,1.611,1.187,1.962,1.47,1.962,[],[2.878]
840,2008,10,APA,1.108,1.154,0.915,1.253,1.035,1.204,[],[]
841,2008,11,APA,1.187,0.878,0.414,2.268,0.646,1.573,[],[]
842,2008,12,APA,1.167,1.289,0.663,1.429,1.079,1.377,[],[]
843,2009,1,APA,1.645,1.57,1.381,2.06,1.452,1.764,[],[]
844,2009,2,APA,1.654,1.343,0.907,3.022,0.967,2.03,[],[]
845,2009,3,APA,1.046,1.159,0.965,1.36,0.965,1.239,[0.503],[]
846,2009,4,APA,1.417,1.329,1.292,1.63,1.31,1.479,[],[]
847,2009,5,APA,1.615,1.602,1.304,1.953,1.334,1.882,[],[]
848,2009,6,APA,2.179,2.203,1.973,2.336,2.12,2.261,[],[]
849,2009,7,APA,1.885,1.831,1.578,2.3,1.578,2.138,[],[]
850,2009,8,APA,1.987,2.056,1.465,2.37,1.842,2.201,[],[]
851,2009,9,APA,1.516,1.568,0.86,2.069,1.196,1.888,[],[]
852,2009,10,APA,1.41,1.505,1.077,1.646,1.291,1.576,[],[]
853,2009,11,APA,1.555,0.64,0.191,1.812,0.384,1.812,[],[4.747]
854,2009,12,APA,0.872,0.944,0.397,1.202,0.64,1.176,[],[]
855,2010,1,APA,0.937,0.744,0.389,1.872,0.554,1.127,[],[]
856,2010,2,APA,1.151,1.226,0.737,1.418,0.971,1.406,[],[]
857,2010,3,APA,1.196,1.211,0.669,1.692,0.916,1.49,[],[]
858,2010,4,APA,2.316,2.221,1.813,2.916,2.017,2.568,[],[]
859,2010,5,APA,1.355,1.406,1.288,1.603,1.288,1.473,[1.007],[]
860,2010,6,APA,1.961,1.967,1.35,2.559,1.539,2.389,[],[]
861,2010,7,APA,2.045,2.06,1.662,2.397,1.919,2.186,[],[]
862,2010,8,APA,2.124,1.997,1.794,2.581,1.896,2.289,[],[]
863,2010,9,APA,1.709,1.718,1.193,2.208,1.526,1.901,[],[]
864,2010,10,APA,0.887,0.841,0.785,1.034,0.813,0.938,[],[]
865,2010,11,APA,1.334,1.245,0.491,2.353,0.912,1.667,[],[]
866,2010,12,APA,0.537,0.554,0.285,0.756,0.431,0.661,[],[]
867,2011,1,APA,1.118,1.061,0.49,1.862,0.739,1.44,[],[]
868,2011,2,APA,1.057,1.017,0.899,1.296,0.967,1.107,[],[]
869,2011,3,APA,1.176,1.132,0.904,1.534,0.98,1.328,[],[]
870,2011,4,APA,1.174,1.419,0.613,1.491,1.016,1.455,[],[]
871,2011,5,APA,1.27,1.298,0.853,1.629,1.064,1.505,[],[]
872,2011,6,APA,1.874,1.935,1.475,2.151,1.711,2.098,[],[]
873,2011,7,APA,3.065,2.806,2.491,4.158,2.593,3.279,[],[]
874,2011,8,APA,2.156,2.158,2.071,2.237,2.136,2.179,[],[]
875,2011,9,APA,1.84,1.839,1.217,2.465,1.568,2.11,[],[]
876,2011,10,APA,1.806,2.058,0.789,2.571,1.424,2.315,[],[]
877,2011,11,APA,1.341,1.043,0.924,1.372,1.013,1.372,[],[2.355]
878,2011,12,APA,0.746,0.721,0.465,1.074,0.599,0.869,[],[]
879,2012,1,APA,1.108,1.113,0.874,1.333,0.981,1.24,[],[]
880,2012,2,APA,1.632,1.651,0.735,2.49,0.904,2.379,[],[]
881,2012,3,APA,1.79,1.835,1.052,2.438,1.513,2.112,[],[]
882,2012,4,APA,1.095,0.894,0.563,2.027,0.692,1.297,[],[]
883,2012,5,APA,1.134,1.077,0.911,1.416,0.994,1.246,[],[]
884,2012,6,APA,2.444,2.494,1.688,3.1,2.158,2.78,[],[]
885,2012,7,APA,2.655,2.559,1.873,2.833,2.382,2.833,[],[3.629]
886,2012,8,APA,2.537,2.561,1.494,3.531,1.835,3.262,[],[]
887,2012,9,APA,2.208,1.907,1.132,3.889,1.547,2.568,[],[]
888,2012,10,APA,0.998,1.027,0.643,1.324,0.835,1.175,[],[]
889,2012,11,APA,1.519,1.95,0.594,2.013,1.272,1.981,[],[]
890,2012,12,APA,1.007,1.093,0.302,1.541,0.677,1.423,[],[]
891,2013,1,APA,0.936,1.013,0.412,1.307,0.66,1.29,[],[]
892,2013,2,APA,0.993,1.056,0.608,1.254,0.908,1.141,[],[]
893,2013,3,APA,1.763,1.643,1.461,2.185,1.552,1.914,[],[]
894,2013,4,APA,1.291,1.579,0.628,1.667,1.104,1.623,[],[]
895,2013,5,APA,2.249,2.479,1.298,2.739,2.041,2.687,[],[]
896,2013,6,APA,2.917,2.552,2.066,3.09,2.378,3.09,[],[4.499]
897,2013,7,APA,3.425,3.498,2.409,4.295,3.036,3.888,[],[]
898,2013,8,APA,3.992,3.521,2.663,4.356,3.157,4.356,[],[6.265]
899,2013,9,APA,2.936,3.264,1.418,3.8,2.666,3.535,[],[]
900,2013,10,APA,1.618,1.638,1.482,1.734,1.56,1.686,[],[]
901,2013,11,APA,1.492,1.453,1.143,1.918,1.264,1.68,[],[]
902,2013,12,APA,0.67,0.623,0.415,1.02,0.477,0.816,[],[]
903,2014,1,APA,1.105,1.119,0.45,1.729,0.5,1.724,[],[]
904,2014,2,APA,1.35,1.461,0.705,1.774,1.058,1.753,[],[]
905,2014,3,APA,1.307,1.331,0.735,1.831,1.144,1.494,[],[]
906,2014,4,APA,1.227,1.249,0.728,1.704,0.989,1.477,[],[]
907,2014,5,APA,1.474,1.091,0.747,1.68,0.885,1.68,[],[2.967]
908,2014,6,APA,2.862,2.806,2.089,3.745,2.196,3.472,[],[]
909,2014,7,APA,3.432,2.116,1.899,3.546,2.002,3.546,[],[7.596]
910,2014,8,APA,2.269,2.123,1.858,2.974,1.977,2.415,[],[]
911,2014,9,APA,2.228,1.662,1.032,2.526,1.364,2.526,[],[4.555]
912,2014,10,APA,1.884,1.627,1.247,2.779,1.437,2.203,[],[]
913,2014,11,APA,1.151,1.147,0.907,1.403,1.032,1.266,[],[]
914,2014,12,APA,1.524,1.361,0.61,2.762,0.923,1.962,[],[]
915,2015,1,APA,1.057,0.929,0.497,1.874,0.734,1.252,[],[]
916,2015,2,APA,1.546,1.495,0.947,2.246,1.271,1.769,[],[]
917,2015,3,APA,1.103,1.105,0.654,1.549,0.757,1.451,[],[]
918,2015,4,APA,0.923,0.805,0.778,1.186,0.792,0.995,[],[]
919,2015,5,APA,1.705,1.836,1.588,2.259,1.588,1.954,[0.888],[]
920,2015,6,APA,2.52,2.504,2.167,2.905,2.272,2.752,[],[]
921,2015,7,APA,2.71,2.641,1.82,3.735,1.927,3.424,[],[]
922,2015,8,APA,1.979,1.977,1.731,2.233,1.807,2.149,[],[]
923,2015,9,APA,2.01,2.09,1.511,2.35,1.842,2.258,[],[]
924,2015,10,APA,0.97,0.767,0.648,1.495,0.708,1.131,[],[]
925,2015,11,APA,0.867,0.756,0.335,1.619,0.473,1.15,[],[]
926,2015,12,APA,0.578,0.535,0.391,0.852,0.482,0.63,[],[]
927,2016,1,APA,1.415,1.29,1.124,1.831,1.207,1.56,[],[]
928,2016,2,APA,0.95,1.023,0.92,1.119,0.92,1.053,[0.634],[]
929,2016,3,APA,1.23,1.253,0.823,1.59,0.944,1.539,[],[]
930,2016,4,APA,1.728,1.748,1.172,2.243,1.595,1.88,[],[]
931,2016,5,APA,3.841,3.841,3.176,4.505,3.508,4.173,[],[]
932,2016,6,APA,6.934,6.934,6.685,7.183,6.809,7.058,[],[]
933,2016,7,APA,5.003,4.858,4.374,5.776,4.616,5.317,[],[]
934,2016,8,APA,4.533,4.533,3.641,5.426,4.087,4.98,[],[]
935,2016,9,APA,3.426,3.635,1.231,5.204,2.735,4.326,[],[]
936,2016,10,APA,1.5,1.577,0.899,1.946,1.351,1.725,[],[]
937,2016,11,APA,1.278,1.328,0.596,1.91,0.962,1.619,[],[]
938,2016,12,APA,0.819,0.787,0.61,1.093,0.683,0.924,[],[]
939,2017,1,APA,0.777,0.668,0.611,0.808,0.638,0.808,[],[1.162]
940,2017,2,APA,1.344,1.381,0.798,1.815,1.131,1.594,[],[]
941,2017,3,APA,1.125,1.085,0.973,1.163,1.047,1.163,[],[1.357]
942,2017,4,APA,1.426,1.471,1.264,1.542,1.368,1.507,[],[]
943,2017,5,APA,0.996,1.004,0.513,1.463,0.801,1.199,[],[]
944,2017,6,APA,2.367,2.538,1.313,3.08,2.052,2.854,[],[]
945,2017,7,APA,1.76,1.788,1.614,1.849,1.721,1.826,[],[]
946,2017,8,APA,1.809,1.832,1.699,1.875,1.781,1.86,[],[]
947,2017,9,APA,1.957,1.869,1.674,2.417,1.691,2.135,[],[]
948,2017,10,APA,1.206,1.33,0.732,1.556,1.031,1.443,[],[]
949,2017,11,APA,1.148,1.157,0.889,1.391,0.972,1.333,[],[]
950,2017,12,APA,1.045,1.023,0.958,1.066,1.002,1.066,[],[1.175]
951,2018,1,APA,0.822,0.76,0.466,1.301,0.58,1.002,[],[]
952,2018,2,APA,0.699,0.772,0.352,0.902,0.581,0.89,[],[]
953,2018,3,APA,1.187,1.217,0.814,1.5,0.94,1.464,[],[]
954,2018,4,APA,1.383,1.554,0.993,1.603,1.274,1.579,[],[]
955,2018,5,APA,1.607,1.483,1.424,1.627,1.463,1.627,[],[2.039]
956,2018,6,APA,3.338,3.355,2.136,4.504,2.372,4.321,[],[]
957,2018,7,APA,5.07,5.579,2.175,6.947,4.152,6.497,[],[]
958,2018,8,APA,2.525,2.507,2.308,2.781,2.413,2.619,[],[]
959,2018,9,APA,1.645,1.491,1.128,2.471,1.312,1.824,[],[]
960,2018,10,APA,1.11,0.961,0.903,1.467,0.932,1.214,[],[]
961,2018,11,APA,1.594,1.686,0.959,2.047,1.431,1.849,[],[]
962,2018,12,APA,0.897,0.925,0.627,1.112,0.818,1.004,[],[]
963,2019,1,APA,0.97,0.788,0.66,1.01,0.748,1.01,[],[1.644]
964,2019,2,APA,0.805,0.8,0.642,0.978,0.697,0.908,[],[]
965,2019,3,APA,1.247,1.273,0.746,1.695,0.942,1.578,[],[]
966,2019,4,APA,1.627,1.824,0.957,2.1,1.391,1.962,[],[]
967,2019,5,APA,1.723,1.81,1.371,1.902,1.664,1.87,[],[]
968,2019,6,APA,1.924,1.921,1.132,2.722,1.575,2.269,[],[]
969,2019,7,APA,3.103,2.921,2.434,4.134,2.62,3.404,[],[]
970,2019,8,APA,2.914,2.715,2.33,3.894,2.505,3.124,[],[]
971,2019,9,APA,1.808,1.684,1.475,2.387,1.561,1.931,[],[]
972,2019,10,APA,1.651,1.625,0.672,2.656,1.149,2.14,[],[]
973,2019,11,APA,2.489,2.135,1.428,4.258,1.726,2.898,[],[]
974,2019,12,APA,1.329,1.323,0.566,2.105,0.936,1.716,[],[]
975,2020,1,APA,0.96,1.002,0.567,1.269,0.852,1.109,[],[]
976,2020,2,APA,0.994,1.077,0.624,1.2,0.904,1.167,[],[]
977,2020,3,APA,1.236,1.262,1.148,1.607,1.148,1.35,[0.812],[]
978,2020,4,APA,1.706,1.739,1.515,1.83,1.645,1.8,[],[]
979,2020,5,APA,1.842,1.843,1.756,1.928,1.799,1.885,[],[]
980,2020,6,APA,1.981,1.893,1.799,2.03,1.845,2.03,[],[2.337]
981,2020,7,APA,2.811,2.591,2.342,2.877,2.525,2.877,[],[3.719]
982,2020,8,APA,1.655,1.703,0.704,2.51,1.068,2.291,[],[]
983,2020,9,APA,1.353,1.353,1.195,1.511,1.274,1.432,[],[]
984,2020,10,APA,1.021,1.148,0.397,1.391,0.846,1.323,[],[]
985,2020,11,APA,0.733,0.609,0.431,1.159,0.52,0.884,[],[]
986,2020,12,APA,0.825,0.728,0.518,0.896,0.657,0.896,[],[1.327]
987,2021,1,APA,0.628,0.64,0.568,0.675,0.604,0.657,[],[]
988,2021,2,APA,1.165,1.188,0.427,1.857,0.784,1.569,[],[]
989,2021,3,APA,1.066,1.05,0.597,1.568,0.901,1.214,[],[]
990,2021,4,APA,1.233,1.604,0.476,1.618,1.04,1.611,[],[]
991,2021,5,APA,1.759,1.739,1.495,2.065,1.5,1.998,[],[]
992,2021,6,APA,1.921,2.016,1.233,2.42,1.664,2.274,[],[]
993,2021,7,APA,2.544,2.545,2.156,2.931,2.411,2.678,[],[]
994,2021,8,APA,1.522,1.491,1.379,1.696,1.435,1.593,[],[]
995,2021,9,APA,1.413,1.561,0.658,1.873,1.177,1.797,[],[]
996,2021,10,APA,1.109,1.106,0.954,1.266,1.03,1.186,[],[]
997,2021,11,APA,1.387,1.293,0.899,2.065,1.084,1.596,[],[]
998,2021,12,APA,1.058,0.986,0.189,2.072,0.48,1.564,[],[]
999,2022,1,APA,1.359,1.183,1.062,2.008,1.075,1.468,[],[]
1000,2022,2,APA,1.467,0.916,0.64,1.591,0.792,1.591,[],[3.396]
1001,2022,3,APA,1.518,1.57,1.071,1.912,1.321,1.741,[],[]
1002,2022,4,APA,1.791,1.791,1.615,1.968,1.703,1.88,[],[]
1003,2022,5,APA,2.768,2.972,1.729,3.4,2.478,3.262,[],[]
1004,2022,6,APA,3.251,3.191,3.064,3.498,3.128,3.345,[],[]
1005,2022,7,APA,3.328,3.446,2.348,4.191,2.897,3.818,[],[]
1006,2022,8,APA,2.408,2.492,1.629,3.021,2.216,2.684,[],[]
1007,2022,9,APA,2.26,1.857,1.605,2.378,1.739,2.378,[],[3.72]
1008,2022,10,APA,1.22,1.314,0.806,1.539,1.06,1.426,[],[]
1009,2022,11,APA,1.095,1.16,0.651,1.408,0.862,1.392,[],[]
1010,2022,12,APA,1.324,1.364,0.887,1.682,1.035,1.654,[],[]
1011,2023,1,APA,1.075,0.987,0.646,1.187,0.874,1.187,[],[1.68]
1012,2023,2,APA,0.952,0.913,0.598,1.385,0.791,1.074,[],[]
1013,2023,3,APA,1.275,1.355,1.256,1.387,1.256,1.374,[1.005],[]
1014,2023,4,APA,1.283,1.361,0.61,1.878,0.985,1.619,[],[]
1015,2023,5,APA,1.642,1.591,1.431,1.956,1.514,1.719,[],[]
1016,2023,6,APA,2.241,2.216,1.209,3.323,1.704,2.753,[],[]
1017,2023,7,APA,2.081,2.129,1.559,2.506,1.766,2.444,[],[]
1018,2023,8,APA,1.774,1.867,1.323,2.039,1.635,2.006,[],[]
1019,2023,9,APA,1.578,1.463,1.388,1.883,1.426,1.673,[],[]
